gene	spearman	p	q
CLGN	0.938527	<5.33E-54	<9.64E-54
SEC14L2	0.934688	<5.33E-54	<9.64E-54
DPYS	0.930869	<5.33E-54	<9.64E-54
IGF2BP2	0.928194	<5.33E-54	<9.64E-54
GGT1	0.9224	<5.33E-54	<9.64E-54
VIL1	0.921979	<5.33E-54	<9.64E-54
GSTM3	0.920958	<5.33E-54	<9.64E-54
LGALS4	0.920098	<5.33E-54	<9.64E-54
GPX7	0.91971	<5.33E-54	<9.64E-54
ALDH1L1	0.918611	<5.33E-54	<9.64E-54
ALDH6A1	0.917748	<5.33E-54	<9.64E-54
AKR1B10	0.917626	<5.33E-54	<9.64E-54
SULT2A1	0.916823	<5.33E-54	<9.64E-54
SHMT1	0.916665	<5.33E-54	<9.64E-54
CYP4F22	0.915079	<5.33E-54	<9.64E-54
ACSL4	0.913443	<5.33E-54	<9.64E-54
LAD1	0.910473	<5.33E-54	<9.64E-54
ACSM1	0.910437	<5.33E-54	<9.64E-54
MAP2	0.909395	<5.33E-54	<9.64E-54
LGALS3	0.908323	<5.33E-54	<9.64E-54
PYCR1	0.90769	<5.33E-54	<9.64E-54
AOX1	0.906968	<5.33E-54	<9.64E-54
LPCAT1	0.906738	<5.33E-54	<9.64E-54
CAMK1D	0.90578	<5.33E-54	<9.64E-54
STK39	0.903347	<5.33E-54	<9.64E-54
SLC10A1	0.902994	<5.33E-54	<9.64E-54
GOLM1	0.902618	<5.33E-54	<9.64E-54
GPC3	0.902263	<5.33E-54	<9.64E-54
ARMCX3	0.901767	<5.33E-54	<9.64E-54
HAL	0.900496	<5.33E-54	<9.64E-54
PRG4	0.89986	<5.33E-54	<9.64E-54
APOL3	0.897188	<5.33E-54	<9.64E-54
XDH	0.896844	<5.33E-54	<9.64E-54
PHYHIPL	0.89651	<5.33E-54	<9.64E-54
BLMH	0.895146	<5.33E-54	<9.64E-54
HMGCS2	0.894125	<5.33E-54	<9.64E-54
ME1	0.893543	<5.33E-54	<9.64E-54
RFTN1	0.892742	<5.33E-54	<9.64E-54
CES1	0.892295	<5.33E-54	<9.64E-54
FBP1	0.892235	<5.33E-54	<9.64E-54
TOP2A	0.891763	<5.33E-54	<9.64E-54
ANXA13	0.891515	<5.33E-54	<9.64E-54
GPD1L	0.891199	<5.33E-54	<9.64E-54
HSD17B2	0.891139	<5.33E-54	<9.64E-54
MAT1A	0.890635	<5.33E-54	<9.64E-54
CDK6	0.890354	<5.33E-54	<9.64E-54
ARG1	0.890279	<5.33E-54	<9.64E-54
GSPT2	0.888852	<5.33E-54	<9.64E-54
CRYM	0.888808	<5.33E-54	<9.64E-54
ABAT	0.888652	<5.33E-54	<9.64E-54
EHHADH	0.88813	<5.33E-54	<9.64E-54
TTPA	0.887781	<5.33E-54	<9.64E-54
SULT1A1	0.887318	<5.33E-54	<9.64E-54
HPD	0.887294	<5.33E-54	<9.64E-54
SLC46A3	0.887282	<5.33E-54	<9.64E-54
CMBL	0.887258	<5.33E-54	<9.64E-54
ACSS3	0.886497	<5.33E-54	<9.64E-54
OTC	0.886389	<5.33E-54	<9.64E-54
ABCA6	0.88624	<5.33E-54	<9.64E-54
CPS1	0.88587	<5.33E-54	<9.64E-54
PKM	0.885362	<5.33E-54	<9.64E-54
UGT1A4	0.88502	5.33e-54	9.64e-54
MCM2	0.884285	<5.33E-54	<9.64E-54
VCAM1	0.883977	<5.33E-54	<9.64E-54
CYP8B1	0.883473	<5.33E-54	<9.64E-54
ACSL6	0.88138	<5.33E-54	<9.64E-54
GDAP1	0.881371	<5.33E-54	<9.64E-54
KPNA2	0.880765	<5.33E-54	<9.64E-54
MTHFD1	0.880672	<5.33E-54	<9.64E-54
EPS8L3	0.880484	<5.33E-54	<9.64E-54
SULT1B1	0.879493	<5.33E-54	<9.64E-54
GPD1	0.878938	<5.33E-54	<9.64E-54
TJP3	0.878911	<5.33E-54	<9.64E-54
PIGR	0.878624	<5.33E-54	<9.64E-54
LEPR	0.878532	<5.33E-54	<9.64E-54
ROBO1	0.878257	<5.33E-54	<9.64E-54
PTGR1	0.878096	<5.33E-54	<9.64E-54
FMO4	0.877893	<5.33E-54	<9.64E-54
VSNL1	0.877821	<5.33E-54	<9.64E-54
TP53I3	0.877138	<5.33E-54	<9.64E-54
SLC27A2	0.876964	<5.33E-54	<9.64E-54
CD38	0.876839	<5.33E-54	<9.64E-54
HSD11B1	0.876833	<5.33E-54	<9.64E-54
ACSM3	0.876815	<5.33E-54	<9.64E-54
RABEPK	0.876409	<5.33E-54	<9.64E-54
NT5E	0.876182	<5.33E-54	<9.64E-54
SLC35C1	0.876045	<5.33E-54	<9.64E-54
OGDHL	0.874949	<5.33E-54	<9.64E-54
AKR7A3	0.874567	<5.33E-54	<9.64E-54
DTNA	0.874278	<5.33E-54	<9.64E-54
TSPAN8	0.874119	<5.33E-54	<9.64E-54
DNAJC9	0.873734	<5.33E-54	<9.64E-54
XPNPEP2	0.873639	<5.33E-54	<9.64E-54
SCP2	0.873486	<5.33E-54	<9.64E-54
RDH16	0.873352	<5.33E-54	<9.64E-54
ALDOB	0.872967	<5.33E-54	<9.64E-54
SOD2	0.872752	<5.33E-54	<9.64E-54
IYD	0.871597	<5.33E-54	<9.64E-54
CES2	0.871361	<5.33E-54	<9.64E-54
TAP1	0.870405	<5.33E-54	<9.64E-54
PKLR	0.870298	<5.33E-54	<9.64E-54
PGRMC1	0.870053	<5.33E-54	<9.64E-54
ETNK2	0.869704	<5.33E-54	<9.64E-54
SPTBN2	0.869519	<5.33E-54	<9.64E-54
ASNS	0.869447	<5.33E-54	<9.64E-54
CYP7A1	0.869247	<5.33E-54	<9.64E-54
SEC14L4	0.868987	<5.33E-54	<9.64E-54
PLA2G4C	0.868937	<5.33E-54	<9.64E-54
CAPG	0.868743	<5.33E-54	<9.64E-54
SLC1A1	0.868707	<5.33E-54	<9.64E-54
ERAP2	0.868569	<5.33E-54	<9.64E-54
ACSM2B	0.868426	<5.33E-54	<9.64E-54
RAB34	0.868348	<5.33E-54	<9.64E-54
SLC27A5	0.868331	<5.33E-54	<9.64E-54
FMO3	0.867853	<5.33E-54	<9.64E-54
ALDH1A1	0.867835	<5.33E-54	<9.64E-54
DDX3Y	0.866915	2.47e-49	4.46e-49
CYP2C9	0.865936	<5.33E-54	<9.64E-54
SERPINB8	0.865924	<5.33E-54	<9.64E-54
ARID3A	0.864202	<5.33E-54	<9.64E-54
DAB2	0.864005	<5.33E-54	<9.64E-54
ECHDC3	0.863879	<5.33E-54	<9.64E-54
SLC1A5	0.863784	<5.33E-54	<9.64E-54
GBP2	0.863318	<5.33E-54	<9.64E-54
VNN1	0.862855	<5.33E-54	<9.64E-54
SLC12A2	0.862028	<5.33E-54	<9.64E-54
DBN1	0.861942	<5.33E-54	<9.64E-54
PPP1R1A	0.861539	<5.33E-54	<9.64E-54
ABCB1	0.861297	<5.33E-54	<9.64E-54
SEPT5	0.861252	<5.33E-54	<9.64E-54
FADS2	0.861133	<5.33E-54	<9.64E-54
ITGA2	0.861106	<5.33E-54	<9.64E-54
PCK2	0.861007	<5.33E-54	<9.64E-54
ICAM1	0.860658	<5.33E-54	<9.64E-54
NNMT	0.860264	<5.33E-54	<9.64E-54
HAO1	0.859912	<5.33E-54	<9.64E-54
ABCA8	0.859243	<5.33E-54	<9.64E-54
TBC1D4	0.85907	<5.33E-54	<9.64E-54
PPL	0.858932	<5.33E-54	<9.64E-54
TRIM22	0.858885	<5.33E-54	<9.64E-54
PLA2G16	0.858753	<5.33E-54	<9.64E-54
GLYAT	0.858616	<5.33E-54	<9.64E-54
MSI1	0.858261	2.43e-47	4.39e-47
RPS6KA1	0.858195	<5.33E-54	<9.64E-54
FGL1	0.857902	<5.33E-54	<9.64E-54
UPB1	0.857407	<5.33E-54	<9.64E-54
IRF6	0.857264	<5.33E-54	<9.64E-54
ASRGL1	0.857186	<5.33E-54	<9.64E-54
PFN2	0.857058	<5.33E-54	<9.64E-54
YARS	0.856938	<5.33E-54	<9.64E-54
SORD	0.856881	<5.33E-54	<9.64E-54
DAO	0.856875	<5.33E-54	<9.64E-54
ACSS1	0.85629	<5.33E-54	<9.64E-54
ALDH3A2	0.856099	<5.33E-54	<9.64E-54
ALDOC	0.856028	<5.33E-54	<9.64E-54
PC	0.855863	<5.33E-54	<9.64E-54
SLC13A5	0.85581	<5.33E-54	<9.64E-54
GCDH	0.855592	<5.33E-54	<9.64E-54
RCC2	0.855374	<5.33E-54	<9.64E-54
RCN1	0.85523	<5.33E-54	<9.64E-54
MYO1B	0.855117	<5.33E-54	<9.64E-54
ACOT12	0.854923	<5.33E-54	<9.64E-54
G6PD	0.854215	<5.33E-54	<9.64E-54
HMGCS1	0.854147	<5.33E-54	<9.64E-54
ARHGEF2	0.853815	<5.33E-54	<9.64E-54
ABCB4	0.853571	<5.33E-54	<9.64E-54
ACSL5	0.853523	<5.33E-54	<9.64E-54
NXN	0.853281	<5.33E-54	<9.64E-54
ACADSB	0.853015	<5.33E-54	<9.64E-54
EPHX1	0.852615	<5.33E-54	<9.64E-54
AMDHD1	0.852245	<5.33E-54	<9.64E-54
RRM2	0.85126	<5.33E-54	<9.64E-54
C11orf54	0.850836	<5.33E-54	<9.64E-54
TPD52L1	0.850352	<5.33E-54	<9.64E-54
GNMT	0.850218	<5.33E-54	<9.64E-54
KHK	0.849982	<5.33E-54	<9.64E-54
KYNU	0.849298	<5.33E-54	<9.64E-54
COBLL1	0.849275	<5.33E-54	<9.64E-54
RAB3D	0.849266	<5.33E-54	<9.64E-54
TPPP	0.849212	<5.33E-54	<9.64E-54
PSPH	0.849066	<5.33E-54	<9.64E-54
HKDC1	0.848648	<5.33E-54	<9.64E-54
EPPK1	0.848337	<5.33E-54	<9.64E-54
SPRYD4	0.847925	<5.33E-54	<9.64E-54
BAIAP2L1	0.847913	<5.33E-54	<9.64E-54
SULT1E1	0.847361	<5.33E-54	<9.64E-54
ANO1	0.847235	<5.33E-54	<9.64E-54
GIPC2	0.847137	<5.33E-54	<9.64E-54
NADK2	0.846794	<5.33E-54	<9.64E-54
TES	0.846531	<5.33E-54	<9.64E-54
MPDZ	0.846441	<5.33E-54	<9.64E-54
ARHGEF16	0.846226	<5.33E-54	<9.64E-54
MCM6	0.846223	<5.33E-54	<9.64E-54
HMGB3	0.846155	<5.33E-54	<9.64E-54
SLC15A1	0.844955	<5.33E-54	<9.64E-54
EPHX2	0.84494	<5.33E-54	<9.64E-54
ASPH	0.844749	<5.33E-54	<9.64E-54
CPM	0.844396	<5.33E-54	<9.64E-54
ICA1	0.844274	<5.33E-54	<9.64E-54
GATM	0.843638	<5.33E-54	<9.64E-54
UGT2B7	0.843638	<5.33E-54	<9.64E-54
LRRC1	0.843575	<5.33E-54	<9.64E-54
AKR1C2	0.843393	<5.33E-54	<9.64E-54
PDZK1	0.843056	<5.33E-54	<9.64E-54
DNMT1	0.843023	<5.33E-54	<9.64E-54
GLUD1	0.842751	<5.33E-54	<9.64E-54
SFN	0.842226	<5.33E-54	<9.64E-54
GYS2	0.842121	<5.33E-54	<9.64E-54
HMGN5	0.841429	<5.33E-54	<9.64E-54
PIR	0.840936	<5.33E-54	<9.64E-54
AKR1C4	0.840844	<5.33E-54	<9.64E-54
NAT8	0.840787	<5.33E-54	<9.64E-54
NAMPT	0.840593	<5.33E-54	<9.64E-54
ALDH8A1	0.840315	<5.33E-54	<9.64E-54
ASL	0.839721	<5.33E-54	<9.64E-54
STXBP1	0.839718	<5.33E-54	<9.64E-54
ABCC1	0.839626	<5.33E-54	<9.64E-54
ACSL1	0.839521	<5.33E-54	<9.64E-54
MARCKSL1	0.839497	<5.33E-54	<9.64E-54
HAGH	0.839285	<5.33E-54	<9.64E-54
CBR1	0.839193	<5.33E-54	<9.64E-54
SLC39A14	0.839067	<5.33E-54	<9.64E-54
TTC39B	0.838778	<5.33E-54	<9.64E-54
GBP5	0.837805	<5.33E-54	<9.64E-54
DEPTOR	0.837751	<5.33E-54	<9.64E-54
BDH1	0.837658	<5.33E-54	<9.64E-54
KMO	0.837596	<5.33E-54	<9.64E-54
GBE1	0.837578	<5.33E-54	<9.64E-54
SLC6A12	0.837578	<5.33E-54	<9.64E-54
ACAA2	0.837348	<5.33E-54	<9.64E-54
LZTFL1	0.836969	<5.33E-54	<9.64E-54
DHRS2	0.836569	<5.33E-54	<9.64E-54
ASB9	0.836512	<5.33E-54	<9.64E-54
IRF9	0.835915	<5.33E-54	<9.64E-54
EPDR1	0.835903	<5.33E-54	<9.64E-54
NDRG1	0.835777	<5.33E-54	<9.64E-54
TDO2	0.835727	<5.33E-54	<9.64E-54
PHYHD1	0.835536	<5.33E-54	<9.64E-54
MTTP	0.835374	<5.33E-54	<9.64E-54
SLC47A1	0.8351	<5.33E-54	<9.64E-54
CORO2A	0.834944	<5.33E-54	<9.64E-54
ACY1	0.834927	<5.33E-54	<9.64E-54
DHRS7	0.834885	<5.33E-54	<9.64E-54
PHGDH	0.83478	<5.33E-54	<9.64E-54
ARHGAP4	0.834727	<5.33E-54	<9.64E-54
BAAT	0.8347	<5.33E-54	<9.64E-54
GDA	0.834679	<5.33E-54	<9.64E-54
GCLM	0.834625	<5.33E-54	<9.64E-54
ACBD4	0.834467	<5.33E-54	<9.64E-54
CYP2A6	0.834055	<5.33E-54	<9.64E-54
ACSM5	0.834016	<5.33E-54	<9.64E-54
SLC20A2	0.833858	<5.33E-54	<9.64E-54
GSTT1	0.833675	2.49e-42	4.51e-42
CRYAB	0.83365	2.52e-42	4.56e-42
KIF4A	0.833622	<5.33E-54	<9.64E-54
ALDH7A1	0.833523	<5.33E-54	<9.64E-54
PFKM	0.833258	<5.33E-54	<9.64E-54
ANXA4	0.832559	<5.33E-54	<9.64E-54
FGD4	0.832275	<5.33E-54	<9.64E-54
CEACAM1	0.831846	<5.33E-54	<9.64E-54
HIBADH	0.831828	<5.33E-54	<9.64E-54
ABCB11	0.831732	<5.33E-54	<9.64E-54
HPGD	0.831356	<5.33E-54	<9.64E-54
FAM169A	0.831219	<5.33E-54	<9.64E-54
MARC1	0.83095	<5.33E-54	<9.64E-54
PFKFB1	0.830404	<5.33E-54	<9.64E-54
SMYD2	0.830365	<5.33E-54	<9.64E-54
ACSF2	0.830189	<5.33E-54	<9.64E-54
GLDC	0.830019	<5.33E-54	<9.64E-54
ALDH5A1	0.829717	<5.33E-54	<9.64E-54
COLEC11	0.829299	<5.33E-54	<9.64E-54
DOPEY2	0.829195	<5.33E-54	<9.64E-54
GGT5	0.82909	<5.33E-54	<9.64E-54
APBB1IP	0.828851	<5.33E-54	<9.64E-54
FTCD	0.828821	<5.33E-54	<9.64E-54
HSD17B6	0.828514	<5.33E-54	<9.64E-54
GSTA1	0.828344	<5.33E-54	<9.64E-54
SELENBP1	0.828176	<5.33E-54	<9.64E-54
GRHPR	0.82809	<5.33E-54	<9.64E-54
BAIAP2	0.827866	<5.33E-54	<9.64E-54
GOT1	0.827714	<5.33E-54	<9.64E-54
MSN	0.82769	<5.33E-54	<9.64E-54
PALM3	0.827624	<5.33E-54	<9.64E-54
ENTPD5	0.827612	<5.33E-54	<9.64E-54
PON3	0.82743	<5.33E-54	<9.64E-54
PAK1	0.827227	<5.33E-54	<9.64E-54
ADSSL1	0.827108	<5.33E-54	<9.64E-54
SULT1A2	0.826949	<5.33E-54	<9.64E-54
HSPA4L	0.826923	<5.33E-54	<9.64E-54
TRIM21	0.826902	<5.33E-54	<9.64E-54
IVD	0.826803	<5.33E-54	<9.64E-54
OASL	0.826552	<5.33E-54	<9.64E-54
SLC9A3R2	0.826466	<5.33E-54	<9.64E-54
MAP7	0.826185	<5.33E-54	<9.64E-54
APOC4	0.826075	<5.33E-54	<9.64E-54
UGT2B15	0.826021	<5.33E-54	<9.64E-54
SRC	0.825934	<5.33E-54	<9.64E-54
ADH4	0.825776	<5.33E-54	<9.64E-54
BST2	0.82566	<5.33E-54	<9.64E-54
CD36	0.825558	<5.33E-54	<9.64E-54
GLYATL1	0.825537	<5.33E-54	<9.64E-54
ECI2	0.825248	<5.33E-54	<9.64E-54
KRT23	0.825197	<5.33E-54	<9.64E-54
FKBP10	0.825161	<5.33E-54	<9.64E-54
STMN1	0.825024	<5.33E-54	<9.64E-54
BLVRA	0.825006	<5.33E-54	<9.64E-54
FABP4	0.824887	<5.33E-54	<9.64E-54
TRIM47	0.824215	<5.33E-54	<9.64E-54
CAPN5	0.824083	<5.33E-54	<9.64E-54
ANK3	0.824024	<5.33E-54	<9.64E-54
MAOB	0.824009	<5.33E-54	<9.64E-54
COMT	0.823474	<5.33E-54	<9.64E-54
GAS2	0.823439	<5.33E-54	<9.64E-54
OAT	0.823045	<5.33E-54	<9.64E-54
CGNL1	0.822985	<5.33E-54	<9.64E-54
CD8A	0.822949	<5.33E-54	<9.64E-54
RAP1GAP	0.822564	<5.33E-54	<9.64E-54
PECR	0.822053	<5.33E-54	<9.64E-54
RBP5	0.821901	<5.33E-54	<9.64E-54
LIMCH1	0.821704	<5.33E-54	<9.64E-54
HTATIP2	0.821638	<5.33E-54	<9.64E-54
MCM3	0.82151	<5.33E-54	<9.64E-54
ITPK1	0.821403	<5.33E-54	<9.64E-54
PSMB9	0.821346	<5.33E-54	<9.64E-54
MMAA	0.821319	<5.33E-54	<9.64E-54
MBOAT1	0.821301	<5.33E-54	<9.64E-54
RENBP	0.821107	<5.33E-54	<9.64E-54
ALDOA	0.821104	<5.33E-54	<9.64E-54
SLC25A12	0.821023	<5.33E-54	<9.64E-54
SERPINA11	0.820722	<5.33E-54	<9.64E-54
BAG2	0.820585	<5.33E-54	<9.64E-54
TAT	0.820211	<5.33E-54	<9.64E-54
DBT	0.819608	<5.33E-54	<9.64E-54
FAM84B	0.819471	<5.33E-54	<9.64E-54
MTUS1	0.819208	<5.33E-54	<9.64E-54
CMPK2	0.81894	<5.33E-54	<9.64E-54
SERPINH1	0.818823	<5.33E-54	<9.64E-54
PBLD	0.818599	<5.33E-54	<9.64E-54
IGF2BP3	0.818488	1.26e-39	2.28e-39
FEN1	0.818387	<5.33E-54	<9.64E-54
PAG1	0.818328	<5.33E-54	<9.64E-54
TSPAN15	0.818289	<5.33E-54	<9.64E-54
SLC27A3	0.818089	<5.33E-54	<9.64E-54
SLCO2B1	0.81788	<5.33E-54	<9.64E-54
SYTL4	0.817695	<5.33E-54	<9.64E-54
IL18	0.817492	<5.33E-54	<9.64E-54
KDELC1	0.81725	<5.33E-54	<9.64E-54
GNG7	0.817104	<5.33E-54	<9.64E-54
MVP	0.817101	<5.33E-54	<9.64E-54
CYP2C18	0.817038	<5.33E-54	<9.64E-54
MSRA	0.817029	<5.33E-54	<9.64E-54
ETFDH	0.816895	<5.33E-54	<9.64E-54
GDPD1	0.816847	<5.33E-54	<9.64E-54
GMPS	0.816832	<5.33E-54	<9.64E-54
SLC23A1	0.816706	<5.33E-54	<9.64E-54
RTP3	0.816695	<5.33E-54	<9.64E-54
CCAR2	0.816396	<5.33E-54	<9.64E-54
DCAF11	0.816363	<5.33E-54	<9.64E-54
AASS	0.816351	<5.33E-54	<9.64E-54
AGXT	0.816342	<5.33E-54	<9.64E-54
ACADL	0.816312	2.93e-39	5.29e-39
ANXA5	0.816306	<5.33E-54	<9.64E-54
UGT2B4	0.815927	<5.33E-54	<9.64E-54
DECR1	0.815453	<5.33E-54	<9.64E-54
DMGDH	0.815423	<5.33E-54	<9.64E-54
FAM120C	0.815333	<5.33E-54	<9.64E-54
DHRS1	0.815321	<5.33E-54	<9.64E-54
RNASEL	0.815214	<5.33E-54	<9.64E-54
CARS	0.815148	<5.33E-54	<9.64E-54
CHN2	0.814963	<5.33E-54	<9.64E-54
LGALS3BP	0.814912	<5.33E-54	<9.64E-54
SDS	0.814891	<5.33E-54	<9.64E-54
HGD	0.814658	<5.33E-54	<9.64E-54
PALM2	0.814432	<5.33E-54	<9.64E-54
APOL2	0.814321	<5.33E-54	<9.64E-54
CRYZ	0.814217	<5.33E-54	<9.64E-54
SRXN1	0.814076	<5.33E-54	<9.64E-54
PAFAH1B3	0.813873	<5.33E-54	<9.64E-54
CYP27A1	0.813718	<5.33E-54	<9.64E-54
RELN	0.813608	<5.33E-54	<9.64E-54
ALDH4A1	0.813491	<5.33E-54	<9.64E-54
SLC22A9	0.813276	<5.33E-54	<9.64E-54
BTN3A3	0.813008	<5.33E-54	<9.64E-54
DNAJC12	0.812885	<5.33E-54	<9.64E-54
EGFR	0.812861	<5.33E-54	<9.64E-54
BCAM	0.812706	<5.33E-54	<9.64E-54
TXNRD1	0.8127	<5.33E-54	<9.64E-54
DPP4	0.812557	<5.33E-54	<9.64E-54
GOT2	0.812428	<5.33E-54	<9.64E-54
APBA1	0.812416	<5.33E-54	<9.64E-54
STAT3	0.812318	<5.33E-54	<9.64E-54
CRYL1	0.812037	<5.33E-54	<9.64E-54
PGM5	0.812012	1.5e-38	2.71e-38
CYP4F11	0.811945	<5.33E-54	<9.64E-54
MAP3K5	0.811921	<5.33E-54	<9.64E-54
HIRIP3	0.811852	<5.33E-54	<9.64E-54
CYP2E1	0.811637	<5.33E-54	<9.64E-54
GSTM1	0.811637	1.73e-38	3.12e-38
EFHD2	0.811518	<5.33E-54	<9.64E-54
GSTK1	0.811509	<5.33E-54	<9.64E-54
AK4	0.811488	<5.33E-54	<9.64E-54
QDPR	0.811425	<5.33E-54	<9.64E-54
ABCC3	0.811345	<5.33E-54	<9.64E-54
SLC25A18	0.810631	<5.33E-54	<9.64E-54
UGDH	0.810583	<5.33E-54	<9.64E-54
MKI67	0.810533	<5.33E-54	<9.64E-54
DTD1	0.810118	<5.33E-54	<9.64E-54
OXCT1	0.809992	<5.33E-54	<9.64E-54
RPS4Y1	0.809968	<5.33E-54	<9.64E-54
AKR1C1	0.809389	<5.33E-54	<9.64E-54
GPHN	0.80927	<5.33E-54	<9.64E-54
ACADM	0.808998	<5.33E-54	<9.64E-54
ABCC4	0.808816	<5.33E-54	<9.64E-54
PTK2	0.808798	<5.33E-54	<9.64E-54
TYMP	0.808404	<5.33E-54	<9.64E-54
ALDH2	0.808213	<5.33E-54	<9.64E-54
PRKAG2	0.808204	<5.33E-54	<9.64E-54
MARCKS	0.808091	<5.33E-54	<9.64E-54
CLYBL	0.808073	<5.33E-54	<9.64E-54
IFI16	0.807926	<5.33E-54	<9.64E-54
MOCS1	0.80792	<5.33E-54	<9.64E-54
SLC22A3	0.807867	<5.33E-54	<9.64E-54
AMACR	0.807547	<5.33E-54	<9.64E-54
GLUD2	0.807544	<5.33E-54	<9.64E-54
REEP6	0.807252	<5.33E-54	<9.64E-54
MCC	0.80718	<5.33E-54	<9.64E-54
FBXO2	0.806655	<5.33E-54	<9.64E-54
PITPNC1	0.806592	<5.33E-54	<9.64E-54
VWA5A	0.806571	<5.33E-54	<9.64E-54
NMT2	0.806293	<5.33E-54	<9.64E-54
PM20D2	0.805869	<5.33E-54	<9.64E-54
AS3MT	0.805828	<5.33E-54	<9.64E-54
ETNPPL	0.805789	<5.33E-54	<9.64E-54
ABHD6	0.805631	<5.33E-54	<9.64E-54
CCDC25	0.805601	<5.33E-54	<9.64E-54
MGLL	0.805553	<5.33E-54	<9.64E-54
SORBS2	0.805428	<5.33E-54	<9.64E-54
IMPA2	0.805395	<5.33E-54	<9.64E-54
STEAP3	0.805371	<5.33E-54	<9.64E-54
AACS	0.805114	<5.33E-54	<9.64E-54
CPPED1	0.804732	<5.33E-54	<9.64E-54
CACYBP	0.804636	<5.33E-54	<9.64E-54
ESRP2	0.804633	<5.33E-54	<9.64E-54
BCAT2	0.804621	<5.33E-54	<9.64E-54
DDAH1	0.804389	<5.33E-54	<9.64E-54
PYCARD	0.804329	<5.33E-54	<9.64E-54
DDB2	0.80432	<5.33E-54	<9.64E-54
H2AFY2	0.80418	<5.33E-54	<9.64E-54
MGST1	0.804168	<5.33E-54	<9.64E-54
LGALS8	0.804105	<5.33E-54	<9.64E-54
UROC1	0.803995	<5.33E-54	<9.64E-54
IRS1	0.803983	<5.33E-54	<9.64E-54
COPZ2	0.803914	<5.33E-54	<9.64E-54
SQSTM1	0.803818	<5.33E-54	<9.64E-54
METTL7B	0.803594	<5.33E-54	<9.64E-54
MTHFD1L	0.803571	<5.33E-54	<9.64E-54
ALDH1A3	0.803475	<5.33E-54	<9.64E-54
REPS2	0.802266	<5.33E-54	<9.64E-54
PXMP2	0.802185	<5.33E-54	<9.64E-54
NNT	0.802078	<5.33E-54	<9.64E-54
ADK	0.802027	<5.33E-54	<9.64E-54
MRC2	0.801764	<5.33E-54	<9.64E-54
EMILIN1	0.801543	<5.33E-54	<9.64E-54
NLN	0.801424	<5.33E-54	<9.64E-54
ALAD	0.801215	<5.33E-54	<9.64E-54
GSTA2	0.801143	<5.33E-54	<9.64E-54
APMAP	0.801111	<5.33E-54	<9.64E-54
MYO6	0.801003	<5.33E-54	<9.64E-54
PRODH2	0.800696	<5.33E-54	<9.64E-54
CYP2C8	0.800591	<5.33E-54	<9.64E-54
HOMER2	0.800358	<5.33E-54	<9.64E-54
CES3	0.80031	<5.33E-54	<9.64E-54
PCTP	0.800152	<5.33E-54	<9.64E-54
HAAO	0.800099	<5.33E-54	<9.64E-54
PARVB	0.800018	<5.33E-54	<9.64E-54
FAS	0.79994	<5.33E-54	<9.64E-54
PDLIM3	0.799869	<5.33E-54	<9.64E-54
DHCR7	0.799854	<5.33E-54	<9.64E-54
LIPC	0.799636	<5.33E-54	<9.64E-54
CAPN2	0.799537	<5.33E-54	<9.64E-54
ADH1B	0.799457	<5.33E-54	<9.64E-54
RMDN2	0.799331	<5.33E-54	<9.64E-54
DAB2IP	0.799221	<5.33E-54	<9.64E-54
CASP1	0.79911	<5.33E-54	<9.64E-54
ACSS2	0.799057	<5.33E-54	<9.64E-54
SULT1A4	0.798934	<5.33E-54	<9.64E-54
TPD52	0.798889	<5.33E-54	<9.64E-54
CHI3L1	0.798761	<5.33E-54	<9.64E-54
RAB3IL1	0.798594	<5.33E-54	<9.64E-54
RBMS1	0.798594	<5.33E-54	<9.64E-54
CYP4F2	0.798534	<5.33E-54	<9.64E-54
CAT	0.79834	<5.33E-54	<9.64E-54
MICAL1	0.798271	<5.33E-54	<9.64E-54
TAX1BP3	0.798221	<5.33E-54	<9.64E-54
UBE2Q1	0.797958	<5.33E-54	<9.64E-54
FAM129B	0.79794	<5.33E-54	<9.64E-54
GNPDA1	0.797627	<5.33E-54	<9.64E-54
COL14A1	0.797609	<5.33E-54	<9.64E-54
SLC17A5	0.797594	<5.33E-54	<9.64E-54
TMEM65	0.797549	<5.33E-54	<9.64E-54
ACBD5	0.797373	<5.33E-54	<9.64E-54
MUT	0.797358	<5.33E-54	<9.64E-54
WDR44	0.796853	<5.33E-54	<9.64E-54
CYP39A1	0.796847	<5.33E-54	<9.64E-54
MAGED1	0.796432	<5.33E-54	<9.64E-54
BOK	0.79642	<5.33E-54	<9.64E-54
LGALS9	0.796316	<5.33E-54	<9.64E-54
EPHB4	0.796283	<5.33E-54	<9.64E-54
SIAE	0.795943	<5.33E-54	<9.64E-54
FAM213A	0.795567	<5.33E-54	<9.64E-54
TM7SF2	0.795295	<5.33E-54	<9.64E-54
LUM	0.795182	<5.33E-54	<9.64E-54
ACOX1	0.795161	<5.33E-54	<9.64E-54
SLC2A2	0.794838	<5.33E-54	<9.64E-54
PSPC1	0.79457	<5.33E-54	<9.64E-54
APOBEC3G	0.79454	<5.33E-54	<9.64E-54
CLIC1	0.79454	<5.33E-54	<9.64E-54
GPX2	0.794513	<5.33E-54	<9.64E-54
PTGIS	0.794438	<5.33E-54	<9.64E-54
PARP1	0.794378	<5.33E-54	<9.64E-54
ISYNA1	0.794152	<5.33E-54	<9.64E-54
DIO1	0.794131	<5.33E-54	<9.64E-54
PRKCD	0.794101	<5.33E-54	<9.64E-54
LACTB2	0.793796	<5.33E-54	<9.64E-54
PIPOX	0.793474	<5.33E-54	<9.64E-54
PLEKHA2	0.793077	<5.33E-54	<9.64E-54
ATP11C	0.793035	<5.33E-54	<9.64E-54
DDX60	0.79262	<5.33E-54	<9.64E-54
STXBP6	0.792566	<5.33E-54	<9.64E-54
PANK4	0.792429	<5.33E-54	<9.64E-54
F11R	0.792369	<5.33E-54	<9.64E-54
GHITM	0.792316	<5.33E-54	<9.64E-54
SLC16A2	0.792211	<5.33E-54	<9.64E-54
EPB41L5	0.792092	<5.33E-54	<9.64E-54
SLC22A7	0.791808	<5.33E-54	<9.64E-54
SLC22A18	0.791647	<5.33E-54	<9.64E-54
APOBEC3F	0.791572	<5.33E-54	<9.64E-54
CD74	0.791486	<5.33E-54	<9.64E-54
MACROD1	0.791342	<5.33E-54	<9.64E-54
QSOX1	0.791333	<5.33E-54	<9.64E-54
NFIC	0.791262	<5.33E-54	<9.64E-54
ALDH1B1	0.790966	<5.33E-54	<9.64E-54
GK	0.790871	<5.33E-54	<9.64E-54
ISG15	0.79059	<5.33E-54	<9.64E-54
WLS	0.790536	<5.33E-54	<9.64E-54
GNAO1	0.78987	<5.33E-54	<9.64E-54
ENAH	0.789853	<5.33E-54	<9.64E-54
CASP6	0.78956	<5.33E-54	<9.64E-54
ANP32E	0.789509	<5.33E-54	<9.64E-54
ATP1B3	0.789491	<5.33E-54	<9.64E-54
PPP1R18	0.789491	<5.33E-54	<9.64E-54
OAS2	0.789414	<5.33E-54	<9.64E-54
TLDC1	0.789348	<5.33E-54	<9.64E-54
RUFY3	0.789282	<5.33E-54	<9.64E-54
SH2D4A	0.788849	<5.33E-54	<9.64E-54
CD44	0.788766	<5.33E-54	<9.64E-54
DDC	0.788691	<5.33E-54	<9.64E-54
HCLS1	0.788455	<5.33E-54	<9.64E-54
PSAT1	0.788097	<5.33E-54	<9.64E-54
NGEF	0.788046	<5.33E-54	<9.64E-54
SEPSECS	0.787969	<5.33E-54	<9.64E-54
FAAH	0.787834	<5.33E-54	<9.64E-54
QPRT	0.787819	<5.33E-54	<9.64E-54
SPIRE1	0.78759	<5.33E-54	<9.64E-54
GLOD5	0.787431	8.21e-35	1.48e-34
TGM2	0.787428	<5.33E-54	<9.64E-54
AADAC	0.787387	<5.33E-54	<9.64E-54
KDELC2	0.787004	<5.33E-54	<9.64E-54
NAGS	0.786966	<5.33E-54	<9.64E-54
NT5DC2	0.786625	<5.33E-54	<9.64E-54
YWHAZ	0.786542	<5.33E-54	<9.64E-54
IFIH1	0.786497	<5.33E-54	<9.64E-54
MAOA	0.786449	<5.33E-54	<9.64E-54
LMO7	0.786291	<5.33E-54	<9.64E-54
MLYCD	0.786234	<5.33E-54	<9.64E-54
CPT1A	0.78607	<5.33E-54	<9.64E-54
GIMAP5	0.785795	<5.33E-54	<9.64E-54
IGFBP2	0.785583	<5.33E-54	<9.64E-54
PHYH	0.785348	<5.33E-54	<9.64E-54
HLA-F	0.785243	<5.33E-54	<9.64E-54
FAH	0.785177	<5.33E-54	<9.64E-54
PDK1	0.785031	<5.33E-54	<9.64E-54
CHKA	0.784735	<5.33E-54	<9.64E-54
MYO7A	0.784556	<5.33E-54	<9.64E-54
POR	0.784527	<5.33E-54	<9.64E-54
FDPS	0.784476	<5.33E-54	<9.64E-54
SLC16A7	0.784413	<5.33E-54	<9.64E-54
SNAP29	0.784398	<5.33E-54	<9.64E-54
CGN	0.784171	<5.33E-54	<9.64E-54
HMOX1	0.78392	<5.33E-54	<9.64E-54
PCSK6	0.783909	<5.33E-54	<9.64E-54
FAM114A1	0.783897	<5.33E-54	<9.64E-54
MSI2	0.78387	<5.33E-54	<9.64E-54
FAHD2A	0.783846	<5.33E-54	<9.64E-54
CROT	0.783667	<5.33E-54	<9.64E-54
ATAD2	0.783491	<5.33E-54	<9.64E-54
SHROOM2	0.783263	3.15e-34	5.69e-34
UGT1A6	0.783037	<5.33E-54	<9.64E-54
OPLAH	0.78301	<5.33E-54	<9.64E-54
BIN1	0.782885	<5.33E-54	<9.64E-54
GLS2	0.782885	<5.33E-54	<9.64E-54
FN3K	0.782613	<5.33E-54	<9.64E-54
SERPINA5	0.782496	<5.33E-54	<9.64E-54
RALGPS2	0.782464	<5.33E-54	<9.64E-54
STAP2	0.782293	<5.33E-54	<9.64E-54
DCXR	0.782216	<5.33E-54	<9.64E-54
CLDN3	0.782198	<5.33E-54	<9.64E-54
SLC4A4	0.782162	<5.33E-54	<9.64E-54
SIRT5	0.782111	<5.33E-54	<9.64E-54
DDI2	0.781831	<5.33E-54	<9.64E-54
PCBD1	0.781658	<5.33E-54	<9.64E-54
CAP2	0.781449	<5.33E-54	<9.64E-54
FAM177A1	0.781362	<5.33E-54	<9.64E-54
PCCA	0.781317	<5.33E-54	<9.64E-54
GORAB	0.780722	7.06e-34	1.27e-33
SERPINB1	0.780589	<5.33E-54	<9.64E-54
TMEM97	0.780475	<5.33E-54	<9.64E-54
CD9	0.780404	<5.33E-54	<9.64E-54
GLRX5	0.780251	<5.33E-54	<9.64E-54
TPD52L2	0.780177	<5.33E-54	<9.64E-54
GBP1	0.78012	<5.33E-54	<9.64E-54
ENO3	0.779642	<5.33E-54	<9.64E-54
NASP	0.779386	<5.33E-54	<9.64E-54
LHPP	0.779054	<5.33E-54	<9.64E-54
GLIPR2	0.778935	<5.33E-54	<9.64E-54
TJP2	0.778827	<5.33E-54	<9.64E-54
EZR	0.778771	<5.33E-54	<9.64E-54
MSH6	0.778681	<5.33E-54	<9.64E-54
TFPI	0.778633	<5.33E-54	<9.64E-54
HLA-DRA	0.778556	<5.33E-54	<9.64E-54
MME	0.77851	1.41e-33	2.55e-33
UGT1A9	0.778409	1.46e-33	2.63e-33
MET	0.778406	<5.33E-54	<9.64E-54
SPTLC3	0.778299	<5.33E-54	<9.64E-54
HMOX2	0.778191	<5.33E-54	<9.64E-54
S100A11	0.77792	<5.33E-54	<9.64E-54
UGT2B10	0.777908	<5.33E-54	<9.64E-54
ACAA1	0.777905	<5.33E-54	<9.64E-54
LIMD2	0.777824	<5.33E-54	<9.64E-54
DNAJB4	0.777045	<5.33E-54	<9.64E-54
PLEKHA4	0.776947	<5.33E-54	<9.64E-54
PAFAH2	0.776567	<5.33E-54	<9.64E-54
ASS1	0.77654	<5.33E-54	<9.64E-54
CTH	0.776463	<5.33E-54	<9.64E-54
LIG1	0.776445	<5.33E-54	<9.64E-54
NMNAT1	0.776418	<5.33E-54	<9.64E-54
NCAPG	0.776379	<5.33E-54	<9.64E-54
ABR	0.776361	<5.33E-54	<9.64E-54
ACACB	0.776236	<5.33E-54	<9.64E-54
LDLRAP1	0.776093	<5.33E-54	<9.64E-54
IDNK	0.775985	<5.33E-54	<9.64E-54
HEBP1	0.775869	<5.33E-54	<9.64E-54
MBNL3	0.775711	<5.33E-54	<9.64E-54
LAP3	0.775606	<5.33E-54	<9.64E-54
PACSIN3	0.77557	<5.33E-54	<9.64E-54
ACMSD	0.775293	<5.33E-54	<9.64E-54
SLC7A2	0.775206	<5.33E-54	<9.64E-54
CYB5A	0.775167	<5.33E-54	<9.64E-54
SFXN2	0.774761	<5.33E-54	<9.64E-54
SLC2A9	0.774731	<5.33E-54	<9.64E-54
FRK	0.774666	<5.33E-54	<9.64E-54
TMPRSS6	0.774645	<5.33E-54	<9.64E-54
CDA	0.774507	<5.33E-54	<9.64E-54
FES	0.774484	<5.33E-54	<9.64E-54
RNPEP	0.774295	<5.33E-54	<9.64E-54
C4A	0.774254	<5.33E-54	<9.64E-54
TPSAB1	0.774207	5.32e-33	9.58e-33
DENND2D	0.774191	<5.33E-54	<9.64E-54
TJP1	0.774188	<5.33E-54	<9.64E-54
PPFIBP2	0.774158	<5.33E-54	<9.64E-54
MTSS1	0.774089	<5.33E-54	<9.64E-54
BASP1	0.773952	<5.33E-54	<9.64E-54
GALK2	0.773907	<5.33E-54	<9.64E-54
BHMT	0.773863	<5.33E-54	<9.64E-54
BZW2	0.773791	<5.33E-54	<9.64E-54
F11	0.773773	<5.33E-54	<9.64E-54
CDH1	0.773749	<5.33E-54	<9.64E-54
KIF13B	0.773686	<5.33E-54	<9.64E-54
PSTPIP2	0.77366	<5.33E-54	<9.64E-54
HSPA2	0.773597	<5.33E-54	<9.64E-54
GSTT2B	0.773499	6.6e-33	1.19e-32
APP	0.773483	<5.33E-54	<9.64E-54
FAM83G	0.773424	<5.33E-54	<9.64E-54
SLC39A5	0.773292	<5.33E-54	<9.64E-54
GCLC	0.77328	<5.33E-54	<9.64E-54
GPC1	0.773257	<5.33E-54	<9.64E-54
CA5A	0.773197	<5.33E-54	<9.64E-54
FABP3	0.773042	<5.33E-54	<9.64E-54
NFIX	0.772946	<5.33E-54	<9.64E-54
NUDT12	0.772776	<5.33E-54	<9.64E-54
NUDT2	0.772737	<5.33E-54	<9.64E-54
PDLIM1	0.772707	<5.33E-54	<9.64E-54
FMNL2	0.772671	<5.33E-54	<9.64E-54
ZAP70	0.772471	<5.33E-54	<9.64E-54
PAPSS2	0.772444	<5.33E-54	<9.64E-54
TBCE	0.772331	<5.33E-54	<9.64E-54
RAB27A	0.772185	<5.33E-54	<9.64E-54
NARS	0.771988	<5.33E-54	<9.64E-54
GOLT1A	0.771934	<5.33E-54	<9.64E-54
PRKCZ	0.771931	<5.33E-54	<9.64E-54
MGAT4B	0.771844	<5.33E-54	<9.64E-54
AKR1B1	0.77168	<5.33E-54	<9.64E-54
CORO1A	0.77145	<5.33E-54	<9.64E-54
SERPINE2	0.77137	<5.33E-54	<9.64E-54
VRK1	0.770859	<5.33E-54	<9.64E-54
LMCD1	0.770856	<5.33E-54	<9.64E-54
AARS	0.770829	<5.33E-54	<9.64E-54
GPT	0.770638	<5.33E-54	<9.64E-54
RFC4	0.770626	<5.33E-54	<9.64E-54
MCM5	0.770579	<5.33E-54	<9.64E-54
ACAT1	0.770459	<5.33E-54	<9.64E-54
UGP2	0.77028	<5.33E-54	<9.64E-54
MYLK	0.770256	<5.33E-54	<9.64E-54
HK2	0.770131	<5.33E-54	<9.64E-54
RIPK2	0.770038	<5.33E-54	<9.64E-54
GSR	0.769889	<5.33E-54	<9.64E-54
HSD3B7	0.769832	<5.33E-54	<9.64E-54
MX1	0.769725	<5.33E-54	<9.64E-54
ARHGAP30	0.769608	<5.33E-54	<9.64E-54
TWF2	0.769122	<5.33E-54	<9.64E-54
P4HA1	0.769086	<5.33E-54	<9.64E-54
GALK1	0.769026	<5.33E-54	<9.64E-54
NFIA	0.768952	<5.33E-54	<9.64E-54
PRKCB	0.768345	<5.33E-54	<9.64E-54
ASGR1	0.768325	<5.33E-54	<9.64E-54
DPYSL2	0.76796	<5.33E-54	<9.64E-54
REXO2	0.767796	<5.33E-54	<9.64E-54
VNN2	0.767578	<5.33E-54	<9.64E-54
CDHR2	0.767527	<5.33E-54	<9.64E-54
ESPN	0.767345	<5.33E-54	<9.64E-54
FLNC	0.767044	<5.33E-54	<9.64E-54
STAT1	0.766608	<5.33E-54	<9.64E-54
EPB41L3	0.766453	<5.33E-54	<9.64E-54
LDHD	0.766402	<5.33E-54	<9.64E-54
DEF6	0.766342	<5.33E-54	<9.64E-54
FDFT1	0.766196	<5.33E-54	<9.64E-54
NSDHL	0.76619	<5.33E-54	<9.64E-54
MDC1	0.766178	<5.33E-54	<9.64E-54
SLC1A4	0.766148	<5.33E-54	<9.64E-54
BHMT2	0.766077	<5.33E-54	<9.64E-54
SVIL	0.765954	<5.33E-54	<9.64E-54
TAPT1	0.765847	<5.33E-54	<9.64E-54
AQP9	0.765745	<5.33E-54	<9.64E-54
DNAJA2	0.765369	<5.33E-54	<9.64E-54
NUDT9	0.765193	<5.33E-54	<9.64E-54
FMO5	0.765118	<5.33E-54	<9.64E-54
ADH1A	0.76505	<5.33E-54	<9.64E-54
NPL	0.765041	<5.33E-54	<9.64E-54
HACL1	0.764805	<5.33E-54	<9.64E-54
ABCG8	0.764658	<5.33E-54	<9.64E-54
GSTP1	0.764641	<5.33E-54	<9.64E-54
INPP1	0.764572	<5.33E-54	<9.64E-54
PNPO	0.764524	<5.33E-54	<9.64E-54
H6PD	0.764291	<5.33E-54	<9.64E-54
HMGCL	0.764291	<5.33E-54	<9.64E-54
ERLIN2	0.764139	<5.33E-54	<9.64E-54
INSR	0.763775	<5.33E-54	<9.64E-54
LPCAT3	0.76376	<5.33E-54	<9.64E-54
NIPSNAP3A	0.763628	<5.33E-54	<9.64E-54
ACAT2	0.763488	<5.33E-54	<9.64E-54
UGT2A3	0.763422	<5.33E-54	<9.64E-54
CPNE1	0.763417	<5.33E-54	<9.64E-54
POSTN	0.763297	<5.33E-54	<9.64E-54
CRP	0.763211	<5.33E-54	<9.64E-54
DNAJC1	0.762766	<5.33E-54	<9.64E-54
MARC2	0.762494	<5.33E-54	<9.64E-54
SNX7	0.762443	<5.33E-54	<9.64E-54
VAT1	0.76233	<5.33E-54	<9.64E-54
GIMAP7	0.76204	<5.33E-54	<9.64E-54
BPHL	0.761969	<5.33E-54	<9.64E-54
GALM	0.761431	<5.33E-54	<9.64E-54
F13A1	0.761273	<5.33E-54	<9.64E-54
LGALSL	0.761168	<5.33E-54	<9.64E-54
FCER1G	0.760664	<5.33E-54	<9.64E-54
COBL	0.760425	<5.33E-54	<9.64E-54
SERPINB9	0.760204	<5.33E-54	<9.64E-54
COTL1	0.760192	<5.33E-54	<9.64E-54
NFATC2	0.760183	<5.33E-54	<9.64E-54
RBP1	0.760088	<5.33E-54	<9.64E-54
ACOT4	0.759473	<5.33E-54	<9.64E-54
HNMT	0.75941	<5.33E-54	<9.64E-54
RGS10	0.759058	<5.33E-54	<9.64E-54
PPA1	0.758977	<5.33E-54	<9.64E-54
ACSM2A	0.758926	<5.33E-54	<9.64E-54
SRI	0.758894	<5.33E-54	<9.64E-54
PGM1	0.75884	<5.33E-54	<9.64E-54
HADHB	0.758661	<5.33E-54	<9.64E-54
DHRS11	0.758649	<5.33E-54	<9.64E-54
PON1	0.758625	<5.33E-54	<9.64E-54
IGF2BP1	0.758428	<5.33E-54	<9.64E-54
PDP1	0.758386	<5.33E-54	<9.64E-54
TTC38	0.758338	<5.33E-54	<9.64E-54
CDIPT	0.75827	<5.33E-54	<9.64E-54
SEMA4G	0.758162	<5.33E-54	<9.64E-54
MCCC2	0.758082	<5.33E-54	<9.64E-54
BCHE	0.757828	<5.33E-54	<9.64E-54
HIP1	0.757819	<5.33E-54	<9.64E-54
SPATS2L	0.757577	<5.33E-54	<9.64E-54
FURIN	0.757544	<5.33E-54	<9.64E-54
TRIP10	0.757529	<5.33E-54	<9.64E-54
MAPRE2	0.757392	<5.33E-54	<9.64E-54
ACO1	0.757326	<5.33E-54	<9.64E-54
LPCAT2	0.757302	<5.33E-54	<9.64E-54
HTT	0.75724	<5.33E-54	<9.64E-54
VCAN	0.75715	<5.33E-54	<9.64E-54
PGD	0.756995	<5.33E-54	<9.64E-54
LYN	0.756968	<5.33E-54	<9.64E-54
GPT2	0.756902	<5.33E-54	<9.64E-54
CKAP4	0.75681	<5.33E-54	<9.64E-54
NMNAT3	0.75664	<5.33E-54	<9.64E-54
TIMP1	0.756637	<5.33E-54	<9.64E-54
PDK4	0.756556	<5.33E-54	<9.64E-54
AEBP1	0.75646	<5.33E-54	<9.64E-54
TKT	0.755941	<5.33E-54	<9.64E-54
MPP1	0.755866	<5.33E-54	<9.64E-54
ZHX2	0.755559	<5.33E-54	<9.64E-54
ITPR2	0.755311	<5.33E-54	<9.64E-54
PDIA5	0.755198	<5.33E-54	<9.64E-54
ITPR3	0.755114	<5.33E-54	<9.64E-54
COL5A1	0.755081	<5.33E-54	<9.64E-54
P2RX4	0.754929	<5.33E-54	<9.64E-54
L3HYPDH	0.754869	<5.33E-54	<9.64E-54
CYP4A11	0.754714	<5.33E-54	<9.64E-54
SEPHS2	0.754568	<5.33E-54	<9.64E-54
SNX30	0.75449	<5.33E-54	<9.64E-54
STARD10	0.75435	<5.33E-54	<9.64E-54
SLFN5	0.754341	<5.33E-54	<9.64E-54
CYP2S1	0.754324	1.7e-30	3.06e-30
USP7	0.754162	<5.33E-54	<9.64E-54
APOA5	0.753708	<5.33E-54	<9.64E-54
FNDC3B	0.753556	<5.33E-54	<9.64E-54
SLC25A15	0.753433	<5.33E-54	<9.64E-54
S100A4	0.753287	<5.33E-54	<9.64E-54
HSDL2	0.752911	<5.33E-54	<9.64E-54
MFSD10	0.752809	<5.33E-54	<9.64E-54
INF2	0.752729	<5.33E-54	<9.64E-54
PSIP1	0.752705	<5.33E-54	<9.64E-54
WARS	0.752693	<5.33E-54	<9.64E-54
CHST13	0.752499	<5.33E-54	<9.64E-54
SFXN1	0.752478	<5.33E-54	<9.64E-54
SGK2	0.752081	<5.33E-54	<9.64E-54
CADM1	0.75203	<5.33E-54	<9.64E-54
ERMP1	0.751926	<5.33E-54	<9.64E-54
TACC1	0.75166	<5.33E-54	<9.64E-54
NUDT6	0.75157	<5.33E-54	<9.64E-54
PLSCR4	0.751499	<5.33E-54	<9.64E-54
HSPH1	0.751478	<5.33E-54	<9.64E-54
TMOD1	0.751472	<5.33E-54	<9.64E-54
SQLE	0.751382	<5.33E-54	<9.64E-54
TFRC	0.751367	<5.33E-54	<9.64E-54
CDK5	0.751099	<5.33E-54	<9.64E-54
ARSA	0.751054	<5.33E-54	<9.64E-54
UBA7	0.750976	<5.33E-54	<9.64E-54
SOD1	0.750964	<5.33E-54	<9.64E-54
RAP1GDS1	0.750102	<5.33E-54	<9.64E-54
PLCXD3	0.750065	5.44e-30	9.78e-30
UNC13B	0.749967	<5.33E-54	<9.64E-54
ANXA6	0.749722	<5.33E-54	<9.64E-54
C1orf198	0.749707	<5.33E-54	<9.64E-54
AMFR	0.74908	<5.33E-54	<9.64E-54
FDXR	0.74906	<5.33E-54	<9.64E-54
ERBB2	0.748815	<5.33E-54	<9.64E-54
OCIAD2	0.748782	<5.33E-54	<9.64E-54
MYO5B	0.748764	<5.33E-54	<9.64E-54
ANXA2	0.748722	<5.33E-54	<9.64E-54
CYP2J2	0.74834	<5.33E-54	<9.64E-54
SLCO1B1	0.748298	<5.33E-54	<9.64E-54
PCK1	0.748289	<5.33E-54	<9.64E-54
FH	0.74817	<5.33E-54	<9.64E-54
GZMK	0.748037	9.39e-30	1.69e-29
HSPA12B	0.747952	<5.33E-54	<9.64E-54
MCM4	0.747821	<5.33E-54	<9.64E-54
AK3	0.7478	<5.33E-54	<9.64E-54
STARD5	0.747779	<5.33E-54	<9.64E-54
ADHFE1	0.747549	<5.33E-54	<9.64E-54
TAPBPL	0.747343	<5.33E-54	<9.64E-54
PALMD	0.747283	<5.33E-54	<9.64E-54
HAO2	0.747164	<5.33E-54	<9.64E-54
ST3GAL1	0.747143	<5.33E-54	<9.64E-54
UCK2	0.747125	<5.33E-54	<9.64E-54
UBA2	0.747107	<5.33E-54	<9.64E-54
PCM1	0.747044	<5.33E-54	<9.64E-54
MBL2	0.746794	<5.33E-54	<9.64E-54
SH3BGRL2	0.746677	<5.33E-54	<9.64E-54
SH3BP1	0.746576	<5.33E-54	<9.64E-54
ENO2	0.74608	<5.33E-54	<9.64E-54
NLE1	0.745817	<5.33E-54	<9.64E-54
ADA	0.745758	<5.33E-54	<9.64E-54
LCP2	0.745543	<5.33E-54	<9.64E-54
CARHSP1	0.745432	<5.33E-54	<9.64E-54
CYP2B6	0.745414	<5.33E-54	<9.64E-54
CA14	0.745298	<5.33E-54	<9.64E-54
SLC27A4	0.74525	<5.33E-54	<9.64E-54
GBP4	0.745161	<5.33E-54	<9.64E-54
HSD17B11	0.74494	<5.33E-54	<9.64E-54
ARFIP1	0.744907	<5.33E-54	<9.64E-54
ISG20	0.744868	<5.33E-54	<9.64E-54
RETSAT	0.744847	<5.33E-54	<9.64E-54
KIAA0319L	0.744832	<5.33E-54	<9.64E-54
RILP	0.744799	<5.33E-54	<9.64E-54
CDHR5	0.74468	<5.33E-54	<9.64E-54
GOLPH3	0.744596	<5.33E-54	<9.64E-54
SASH3	0.744584	<5.33E-54	<9.64E-54
FASN	0.744564	<5.33E-54	<9.64E-54
IFIT2	0.744131	<5.33E-54	<9.64E-54
CYP7B1	0.743966	2.77e-29	4.97e-29
PGM3	0.743937	<5.33E-54	<9.64E-54
HPRT1	0.743898	<5.33E-54	<9.64E-54
DOCK8	0.743435	<5.33E-54	<9.64E-54
ADI1	0.743384	<5.33E-54	<9.64E-54
SRGAP2	0.743163	<5.33E-54	<9.64E-54
WIPI1	0.743154	<5.33E-54	<9.64E-54
PPP1R14A	0.743029	<5.33E-54	<9.64E-54
RRAS2	0.742999	<5.33E-54	<9.64E-54
IL4I1	0.742979	3.58e-29	6.44e-29
ADD3	0.742811	<5.33E-54	<9.64E-54
COL1A2	0.742519	<5.33E-54	<9.64E-54
FMR1	0.742399	<5.33E-54	<9.64E-54
RHEB	0.742259	<5.33E-54	<9.64E-54
VWA8	0.742124	<5.33E-54	<9.64E-54
PANK1	0.74188	<5.33E-54	<9.64E-54
MAD2L1	0.741468	<5.33E-54	<9.64E-54
CSTA	0.741336	<5.33E-54	<9.64E-54
SIK2	0.741235	<5.33E-54	<9.64E-54
HSPA9	0.740999	<5.33E-54	<9.64E-54
NAPA	0.740999	<5.33E-54	<9.64E-54
OXNAD1	0.740966	<5.33E-54	<9.64E-54
MYH11	0.740963	<5.33E-54	<9.64E-54
PLCL2	0.740811	<5.33E-54	<9.64E-54
IDUA	0.740778	<5.33E-54	<9.64E-54
FAM50A	0.740715	<5.33E-54	<9.64E-54
USP4	0.740497	<5.33E-54	<9.64E-54
STOM	0.74036	<5.33E-54	<9.64E-54
SUGT1	0.740253	<5.33E-54	<9.64E-54
ACOT7	0.740217	<5.33E-54	<9.64E-54
COPG2	0.74005	<5.33E-54	<9.64E-54
NFKB2	0.739945	<5.33E-54	<9.64E-54
IDH2	0.739939	<5.33E-54	<9.64E-54
MAPKAPK2	0.739915	<5.33E-54	<9.64E-54
CDK2	0.73967	<5.33E-54	<9.64E-54
PRODH	0.739515	<5.33E-54	<9.64E-54
EHBP1	0.73913	<5.33E-54	<9.64E-54
SLC43A3	0.738882	<5.33E-54	<9.64E-54
MYO1D	0.738712	<5.33E-54	<9.64E-54
DNAJA3	0.738658	<5.33E-54	<9.64E-54
SLC35F6	0.738653	1.1e-28	1.97e-28
TMEM165	0.738575	<5.33E-54	<9.64E-54
GIMAP8	0.738545	<5.33E-54	<9.64E-54
ATP7B	0.73836	<5.33E-54	<9.64E-54
SLC39A11	0.738249	<5.33E-54	<9.64E-54
CHMP7	0.738181	<5.33E-54	<9.64E-54
ZNF512	0.737954	<5.33E-54	<9.64E-54
CPT2	0.737497	<5.33E-54	<9.64E-54
NUDC	0.737494	<5.33E-54	<9.64E-54
ALOX5	0.737467	<5.33E-54	<9.64E-54
SCPEP1	0.73744	<5.33E-54	<9.64E-54
SCAMP3	0.737413	<5.33E-54	<9.64E-54
NUDT7	0.737387	<5.33E-54	<9.64E-54
LBR	0.737237	<5.33E-54	<9.64E-54
WWP1	0.737139	<5.33E-54	<9.64E-54
MAPRE3	0.737136	<5.33E-54	<9.64E-54
ACADS	0.737085	<5.33E-54	<9.64E-54
TPST1	0.737076	<5.33E-54	<9.64E-54
MYH14	0.737046	<5.33E-54	<9.64E-54
PLOD2	0.736951	<5.33E-54	<9.64E-54
ATP2B1	0.736939	<5.33E-54	<9.64E-54
CNDP2	0.736825	<5.33E-54	<9.64E-54
AMT	0.736706	<5.33E-54	<9.64E-54
SMOC1	0.7367	<5.33E-54	<9.64E-54
DDT	0.736682	<5.33E-54	<9.64E-54
NMRAL1	0.736488	<5.33E-54	<9.64E-54
PLIN1	0.736231	<5.33E-54	<9.64E-54
SLC38A4	0.736079	<5.33E-54	<9.64E-54
GALNT2	0.736061	<5.33E-54	<9.64E-54
TK2	0.736061	<5.33E-54	<9.64E-54
AIF1	0.735994	2.16e-28	3.89e-28
SPN	0.735977	<5.33E-54	<9.64E-54
ABCC6	0.735957	<5.33E-54	<9.64E-54
NUDT4	0.73578	<5.33E-54	<9.64E-54
RGN	0.735712	<5.33E-54	<9.64E-54
CC2D1A	0.735604	<5.33E-54	<9.64E-54
DDAH2	0.735527	<5.33E-54	<9.64E-54
HOGA1	0.735455	<5.33E-54	<9.64E-54
ENO1	0.735413	<5.33E-54	<9.64E-54
SCRN2	0.735383	<5.33E-54	<9.64E-54
TPPP3	0.735112	<5.33E-54	<9.64E-54
MCEE	0.735019	<5.33E-54	<9.64E-54
SEPT6	0.735007	<5.33E-54	<9.64E-54
ATP6V1B2	0.734995	<5.33E-54	<9.64E-54
TSTD1	0.73495	<5.33E-54	<9.64E-54
CWF19L1	0.734825	<5.33E-54	<9.64E-54
DHRS4	0.734798	<5.33E-54	<9.64E-54
GSDMD	0.734419	<5.33E-54	<9.64E-54
FAF1	0.734324	<5.33E-54	<9.64E-54
ENPEP	0.734312	<5.33E-54	<9.64E-54
TUBA4A	0.734106	<5.33E-54	<9.64E-54
PUS7	0.733837	<5.33E-54	<9.64E-54
FECH	0.733691	<5.33E-54	<9.64E-54
HPR	0.733661	<5.33E-54	<9.64E-54
GOLPH3L	0.733604	<5.33E-54	<9.64E-54
NPM3	0.733485	<5.33E-54	<9.64E-54
ATPAF1	0.733482	<5.33E-54	<9.64E-54
TMOD2	0.733434	<5.33E-54	<9.64E-54
MPC1	0.733407	<5.33E-54	<9.64E-54
DCN	0.733144	<5.33E-54	<9.64E-54
SLC25A13	0.733082	<5.33E-54	<9.64E-54
STK3	0.732902	<5.33E-54	<9.64E-54
FAM129A	0.732855	<5.33E-54	<9.64E-54
CIDEB	0.732723	<5.33E-54	<9.64E-54
ACY3	0.732646	<5.33E-54	<9.64E-54
PSMB10	0.73264	<5.33E-54	<9.64E-54
RAB20	0.732583	<5.33E-54	<9.64E-54
ARHGAP12	0.732508	<5.33E-54	<9.64E-54
SRCIN1	0.732508	<5.33E-54	<9.64E-54
VAV1	0.732493	<5.33E-54	<9.64E-54
SLC25A24	0.732437	<5.33E-54	<9.64E-54
LDHA	0.732171	<5.33E-54	<9.64E-54
TMEM245	0.73204	<5.33E-54	<9.64E-54
PODXL	0.731878	<5.33E-54	<9.64E-54
PPP1R3G	0.731449	<5.33E-54	<9.64E-54
SLC6A1	0.731246	<5.33E-54	<9.64E-54
SIGLEC1	0.731117	<5.33E-54	<9.64E-54
HMGN1	0.731028	<5.33E-54	<9.64E-54
PEA15	0.730878	<5.33E-54	<9.64E-54
UBFD1	0.730625	<5.33E-54	<9.64E-54
PFKP	0.730533	8.49e-28	1.53e-27
AUH	0.730421	8.73e-28	1.57e-27
RAPH1	0.730359	<5.33E-54	<9.64E-54
ACOT1	0.730284	<5.33E-54	<9.64E-54
ABHD2	0.730222	<5.33E-54	<9.64E-54
TNFAIP8	0.729986	<5.33E-54	<9.64E-54
TTPAL	0.729478	<5.33E-54	<9.64E-54
NUBPL	0.729383	<5.33E-54	<9.64E-54
AGMO	0.729353	<5.33E-54	<9.64E-54
DUSP23	0.729254	<5.33E-54	<9.64E-54
FKBP4	0.729156	<5.33E-54	<9.64E-54
DSC2	0.729066	<5.33E-54	<9.64E-54
MAGED2	0.729006	<5.33E-54	<9.64E-54
RAP2B	0.728777	<5.33E-54	<9.64E-54
BRD3	0.728762	<5.33E-54	<9.64E-54
KANK1	0.728645	<5.33E-54	<9.64E-54
LYAR	0.728636	<5.33E-54	<9.64E-54
RASAL3	0.728559	<5.33E-54	<9.64E-54
LILRB5	0.728505	<5.33E-54	<9.64E-54
RAB17	0.72832	<5.33E-54	<9.64E-54
GLS	0.728245	<5.33E-54	<9.64E-54
GPATCH4	0.727944	<5.33E-54	<9.64E-54
STS	0.727875	<5.33E-54	<9.64E-54
ACYP2	0.727639	<5.33E-54	<9.64E-54
IDH3A	0.727633	<5.33E-54	<9.64E-54
ACOX2	0.727603	<5.33E-54	<9.64E-54
PEBP1	0.727594	<5.33E-54	<9.64E-54
FAT1	0.727206	<5.33E-54	<9.64E-54
ARRB1	0.727123	<5.33E-54	<9.64E-54
SAMD9	0.72703	<5.33E-54	<9.64E-54
MZB1	0.727023	2.01e-27	3.61e-27
CHMP4A	0.726926	<5.33E-54	<9.64E-54
C9orf64	0.726863	<5.33E-54	<9.64E-54
SGK3	0.726809	<5.33E-54	<9.64E-54
CLMN	0.726803	<5.33E-54	<9.64E-54
ATP8B1	0.72654	<5.33E-54	<9.64E-54
PCYT2	0.726493	<5.33E-54	<9.64E-54
STK24	0.726394	<5.33E-54	<9.64E-54
HADH	0.726027	<5.33E-54	<9.64E-54
WDR4	0.726012	<5.33E-54	<9.64E-54
SDC2	0.725946	<5.33E-54	<9.64E-54
PLA2G12B	0.725761	<5.33E-54	<9.64E-54
ALDH9A1	0.725714	<5.33E-54	<9.64E-54
GMPR	0.725651	<5.33E-54	<9.64E-54
PKP2	0.725633	<5.33E-54	<9.64E-54
PPP2R5A	0.725591	<5.33E-54	<9.64E-54
PLEKHF1	0.725522	<5.33E-54	<9.64E-54
DIAPH1	0.725505	<5.33E-54	<9.64E-54
PLAA	0.72549	<5.33E-54	<9.64E-54
FBXO6	0.725421	<5.33E-54	<9.64E-54
PTPRC	0.725403	<5.33E-54	<9.64E-54
HSPA4	0.725379	<5.33E-54	<9.64E-54
HP	0.724913	<5.33E-54	<9.64E-54
SMARCA1	0.724904	<5.33E-54	<9.64E-54
ISOC1	0.724866	<5.33E-54	<9.64E-54
BROX	0.724812	<5.33E-54	<9.64E-54
TRPV2	0.7246	<5.33E-54	<9.64E-54
HS1BP3	0.724573	<5.33E-54	<9.64E-54
PMM2	0.724567	<5.33E-54	<9.64E-54
CASP4	0.724564	<5.33E-54	<9.64E-54
AGXT2	0.724516	<5.33E-54	<9.64E-54
DYSF	0.72446	<5.33E-54	<9.64E-54
ARSE	0.72434	<5.33E-54	<9.64E-54
IST1	0.724146	<5.33E-54	<9.64E-54
PITHD1	0.724101	<5.33E-54	<9.64E-54
LARP1	0.724083	<5.33E-54	<9.64E-54
PRNP	0.723692	<5.33E-54	<9.64E-54
MAP3K4	0.723537	<5.33E-54	<9.64E-54
SMPDL3A	0.723507	<5.33E-54	<9.64E-54
MAP2K3	0.723352	<5.33E-54	<9.64E-54
TCEAL3	0.723313	<5.33E-54	<9.64E-54
DDX21	0.723212	<5.33E-54	<9.64E-54
PLGRKT	0.72308	<5.33E-54	<9.64E-54
ASPDH	0.723042	<5.33E-54	<9.64E-54
IFIT3	0.722928	<5.33E-54	<9.64E-54
S100A6	0.722856	<5.33E-54	<9.64E-54
PSMB8	0.722791	<5.33E-54	<9.64E-54
SMC4	0.722743	<5.33E-54	<9.64E-54
TARS	0.722686	<5.33E-54	<9.64E-54
HSD17B4	0.722656	<5.33E-54	<9.64E-54
LIX1L	0.722618	<5.33E-54	<9.64E-54
C19orf66	0.72254	<5.33E-54	<9.64E-54
EFEMP1	0.722534	<5.33E-54	<9.64E-54
HK3	0.72251	<5.33E-54	<9.64E-54
DPYSL3	0.722259	<5.33E-54	<9.64E-54
HERPUD1	0.722167	<5.33E-54	<9.64E-54
RB1	0.722167	<5.33E-54	<9.64E-54
GZMA	0.721903	6.89e-27	1.24e-26
PTGR2	0.721818	<5.33E-54	<9.64E-54
DDO	0.72174	7.17e-27	1.29e-26
MPZL1	0.721665	<5.33E-54	<9.64E-54
MCCC1	0.721662	<5.33E-54	<9.64E-54
STRBP	0.72111	<5.33E-54	<9.64E-54
TSPO	0.720988	<5.33E-54	<9.64E-54
SIRPA	0.720907	<5.33E-54	<9.64E-54
BBOX1	0.720874	<5.33E-54	<9.64E-54
SLC25A20	0.720686	<5.33E-54	<9.64E-54
ABLIM3	0.720582	<5.33E-54	<9.64E-54
FAM114A2	0.720579	<5.33E-54	<9.64E-54
PTPRM	0.720405	<5.33E-54	<9.64E-54
SH3BGRL	0.720247	<5.33E-54	<9.64E-54
TPMT	0.720225	1.03e-26	1.84e-26
NUDCD1	0.72005	<5.33E-54	<9.64E-54
APOC2	0.720047	<5.33E-54	<9.64E-54
CIAPIN1	0.719877	<5.33E-54	<9.64E-54
PARP9	0.719698	<5.33E-54	<9.64E-54
EPS8	0.719692	<5.33E-54	<9.64E-54
ADH6	0.719668	<5.33E-54	<9.64E-54
MMP14	0.719659	<5.33E-54	<9.64E-54
NTAN1	0.719581	<5.33E-54	<9.64E-54
IKBIP	0.719555	<5.33E-54	<9.64E-54
LDHB	0.719465	<5.33E-54	<9.64E-54
EI24	0.71942	<5.33E-54	<9.64E-54
PLEKHA6	0.719399	<5.33E-54	<9.64E-54
GGACT	0.719396	<5.33E-54	<9.64E-54
NAV2	0.719292	<5.33E-54	<9.64E-54
AHCY	0.719211	<5.33E-54	<9.64E-54
TATDN3	0.719143	<5.33E-54	<9.64E-54
GBP7	0.718796	<5.33E-54	<9.64E-54
IPO5	0.718778	<5.33E-54	<9.64E-54
ITGB4	0.718704	<5.33E-54	<9.64E-54
NOSTRIN	0.718677	<5.33E-54	<9.64E-54
LSS	0.718402	<5.33E-54	<9.64E-54
NCKAP1L	0.71828	<5.33E-54	<9.64E-54
RRS1	0.71776	<5.33E-54	<9.64E-54
FKBP11	0.71762	<5.33E-54	<9.64E-54
CDC37L1	0.717617	<5.33E-54	<9.64E-54
PLEKHA5	0.717569	<5.33E-54	<9.64E-54
MCM7	0.717223	<5.33E-54	<9.64E-54
SGPL1	0.717095	<5.33E-54	<9.64E-54
LARP1B	0.717053	<5.33E-54	<9.64E-54
SRPK1	0.717047	<5.33E-54	<9.64E-54
SLC25A42	0.716945	<5.33E-54	<9.64E-54
RBPMS	0.716832	<5.33E-54	<9.64E-54
TBC1D24	0.716814	<5.33E-54	<9.64E-54
SMC2	0.716238	<5.33E-54	<9.64E-54
LMNA	0.716166	<5.33E-54	<9.64E-54
IPO9	0.716059	<5.33E-54	<9.64E-54
SCGN	0.716032	2.74e-26	4.91e-26
MYO1G	0.715871	<5.33E-54	<9.64E-54
HIBCH	0.715841	<5.33E-54	<9.64E-54
FBLIM1	0.715736	<5.33E-54	<9.64E-54
SORL1	0.715462	<5.33E-54	<9.64E-54
BSDC1	0.715441	<5.33E-54	<9.64E-54
PITPNM1	0.715384	<5.33E-54	<9.64E-54
ZFYVE19	0.715294	<5.33E-54	<9.64E-54
FERMT3	0.715178	<5.33E-54	<9.64E-54
DOK2	0.714969	<5.33E-54	<9.64E-54
ADAL	0.714805	<5.33E-54	<9.64E-54
SEPT4	0.7145	<5.33E-54	<9.64E-54
PARN	0.714438	<5.33E-54	<9.64E-54
HCK	0.714354	<5.33E-54	<9.64E-54
TXLNG	0.714002	<5.33E-54	<9.64E-54
BCO2	0.71376	<5.33E-54	<9.64E-54
DEK	0.713646	<5.33E-54	<9.64E-54
MYO1F	0.71347	<5.33E-54	<9.64E-54
HLTF	0.71333	<5.33E-54	<9.64E-54
ACSL3	0.713219	<5.33E-54	<9.64E-54
DIAPH2	0.713207	5.26e-26	9.42e-26
AMPD2	0.713172	<5.33E-54	<9.64E-54
STXBP2	0.713052	<5.33E-54	<9.64E-54
KANK3	0.712921	<5.33E-54	<9.64E-54
NMRK1	0.712834	<5.33E-54	<9.64E-54
GTF2E2	0.712572	<5.33E-54	<9.64E-54
ANTXR2	0.712548	<5.33E-54	<9.64E-54
RUVBL1	0.712512	<5.33E-54	<9.64E-54
HMGCR	0.712464	<5.33E-54	<9.64E-54
BCAT1	0.712455	<5.33E-54	<9.64E-54
ECHDC1	0.712422	<5.33E-54	<9.64E-54
SPATS2	0.71233	<5.33E-54	<9.64E-54
TDRD7	0.712154	<5.33E-54	<9.64E-54
COIL	0.712079	<5.33E-54	<9.64E-54
PTPRE	0.711969	<5.33E-54	<9.64E-54
ELP3	0.711942	<5.33E-54	<9.64E-54
CBX5	0.711855	<5.33E-54	<9.64E-54
SH3GL1	0.711849	<5.33E-54	<9.64E-54
MAN1A1	0.71173	<5.33E-54	<9.64E-54
CD2AP	0.711727	<5.33E-54	<9.64E-54
OCLN	0.711545	<5.33E-54	<9.64E-54
DERL1	0.711491	<5.33E-54	<9.64E-54
SNX9	0.711431	<5.33E-54	<9.64E-54
ANGPTL3	0.711204	<5.33E-54	<9.64E-54
JMJD6	0.711189	<5.33E-54	<9.64E-54
NOLC1	0.711118	<5.33E-54	<9.64E-54
AKAP2	0.711022	<5.33E-54	<9.64E-54
COL6A3	0.710816	<5.33E-54	<9.64E-54
TRIM38	0.710754	<5.33E-54	<9.64E-54
DIP2C	0.710724	<5.33E-54	<9.64E-54
ADSL	0.710577	<5.33E-54	<9.64E-54
GIMAP4	0.710574	<5.33E-54	<9.64E-54
MYO1E	0.710401	<5.33E-54	<9.64E-54
VASP	0.710264	<5.33E-54	<9.64E-54
ALDH18A1	0.710198	<5.33E-54	<9.64E-54
TXLNA	0.710124	<5.33E-54	<9.64E-54
UCHL1	0.710109	<5.33E-54	<9.64E-54
LIMS2	0.710067	<5.33E-54	<9.64E-54
RRP12	0.710067	<5.33E-54	<9.64E-54
HSDL1	0.709813	<5.33E-54	<9.64E-54
RBKS	0.709559	<5.33E-54	<9.64E-54
NUDT19	0.709377	<5.33E-54	<9.64E-54
CACNA2D1	0.709326	<5.33E-54	<9.64E-54
AP1G2	0.709168	<5.33E-54	<9.64E-54
GPI	0.70907	<5.33E-54	<9.64E-54
ASPA	0.70881	<5.33E-54	<9.64E-54
UTRN	0.708759	<5.33E-54	<9.64E-54
NUP50	0.708717	<5.33E-54	<9.64E-54
TMEM19	0.708717	<5.33E-54	<9.64E-54
PDCD4	0.708661	<5.33E-54	<9.64E-54
NPEPPS	0.708517	<5.33E-54	<9.64E-54
ANO10	0.708386	<5.33E-54	<9.64E-54
IFIT1	0.708279	<5.33E-54	<9.64E-54
TTC36	0.708255	<5.33E-54	<9.64E-54
MIPEP	0.708094	<5.33E-54	<9.64E-54
RPRD2	0.707813	<5.33E-54	<9.64E-54
PDLIM2	0.707696	<5.33E-54	<9.64E-54
PLSCR1	0.707598	<5.33E-54	<9.64E-54
PRELP	0.707514	<5.33E-54	<9.64E-54
POLD1	0.707416	<5.33E-54	<9.64E-54
FBXO44	0.707404	<5.33E-54	<9.64E-54
RER1	0.707293	<5.33E-54	<9.64E-54
FN3KRP	0.707273	<5.33E-54	<9.64E-54
SARS	0.707246	<5.33E-54	<9.64E-54
THNSL1	0.707246	<5.33E-54	<9.64E-54
DSP	0.707219	<5.33E-54	<9.64E-54
PDLIM5	0.707186	<5.33E-54	<9.64E-54
CYP51A1	0.707177	<5.33E-54	<9.64E-54
COL1A1	0.707174	<5.33E-54	<9.64E-54
CFHR3	0.707046	<5.33E-54	<9.64E-54
VASN	0.706798	<5.33E-54	<9.64E-54
DDX39A	0.706592	<5.33E-54	<9.64E-54
DDX58	0.706487	<5.33E-54	<9.64E-54
CTSC	0.706299	<5.33E-54	<9.64E-54
TMEM143	0.706234	<5.33E-54	<9.64E-54
AHSA1	0.706143	2.59e-25	4.65e-25
SH3BP4	0.706048	<5.33E-54	<9.64E-54
IMPAD1	0.705756	<5.33E-54	<9.64E-54
CARM1	0.705717	<5.33E-54	<9.64E-54
FBLN2	0.705601	<5.33E-54	<9.64E-54
APOM	0.705436	<5.33E-54	<9.64E-54
C2CD5	0.705359	<5.33E-54	<9.64E-54
HSD17B10	0.705341	<5.33E-54	<9.64E-54
ABHD14B	0.705305	<5.33E-54	<9.64E-54
NES	0.705236	<5.33E-54	<9.64E-54
ACO2	0.705126	<5.33E-54	<9.64E-54
TOM1L1	0.705036	<5.33E-54	<9.64E-54
RIN3	0.704947	<5.33E-54	<9.64E-54
GAMT	0.704866	<5.33E-54	<9.64E-54
ACAD11	0.704374	<5.33E-54	<9.64E-54
ANXA11	0.704278	<5.33E-54	<9.64E-54
ABCB6	0.70426	<5.33E-54	<9.64E-54
VSIG4	0.704135	<5.33E-54	<9.64E-54
STAT6	0.70406	<5.33E-54	<9.64E-54
PROCR	0.703953	<5.33E-54	<9.64E-54
MTHFS	0.703738	<5.33E-54	<9.64E-54
ETHE1	0.70369	<5.33E-54	<9.64E-54
PPM1A	0.703681	<5.33E-54	<9.64E-54
IDH1	0.70323	<5.33E-54	<9.64E-54
NHSL1	0.703054	<5.33E-54	<9.64E-54
CBR3	0.702991	<5.33E-54	<9.64E-54
HLA-E	0.702938	<5.33E-54	<9.64E-54
TTYH3	0.702896	<5.33E-54	<9.64E-54
DHTKD1	0.702794	<5.33E-54	<9.64E-54
CYLD	0.702744	<5.33E-54	<9.64E-54
CUTC	0.702726	<5.33E-54	<9.64E-54
F12	0.702618	<5.33E-54	<9.64E-54
DDX50	0.702597	<5.33E-54	<9.64E-54
GGPS1	0.70235	<5.33E-54	<9.64E-54
UPP1	0.702236	<5.33E-54	<9.64E-54
ARFGEF1	0.702215	<5.33E-54	<9.64E-54
DUT	0.702117	<5.33E-54	<9.64E-54
SOWAHC	0.70206	<5.33E-54	<9.64E-54
PDE2A	0.701985	<5.33E-54	<9.64E-54
SUCLG2	0.701958	<5.33E-54	<9.64E-54
COL15A1	0.701863	<5.33E-54	<9.64E-54
LAMA2	0.701714	<5.33E-54	<9.64E-54
TMEM168	0.701711	<5.33E-54	<9.64E-54
CRIP1	0.70163	<5.33E-54	<9.64E-54
HDAC6	0.701499	<5.33E-54	<9.64E-54
EIF5A	0.701445	<5.33E-54	<9.64E-54
LPGAT1	0.701418	<5.33E-54	<9.64E-54
ANPEP	0.701346	<5.33E-54	<9.64E-54
SETD7	0.701346	<5.33E-54	<9.64E-54
PRDX6	0.701329	<5.33E-54	<9.64E-54
NTPCR	0.701173	<5.33E-54	<9.64E-54
ATP2B4	0.701167	<5.33E-54	<9.64E-54
EXOC3L4	0.701131	<5.33E-54	<9.64E-54
PCID2	0.70097	<5.33E-54	<9.64E-54
MYO5A	0.700624	<5.33E-54	<9.64E-54
PEX12	0.700582	<5.33E-54	<9.64E-54
ISCA1	0.700552	<5.33E-54	<9.64E-54
SHROOM1	0.700531	<5.33E-54	<9.64E-54
PLEK	0.700496	<5.33E-54	<9.64E-54
AIFM1	0.700409	<5.33E-54	<9.64E-54
CADPS2	0.700409	<5.33E-54	<9.64E-54
PRKAA2	0.700343	<5.33E-54	<9.64E-54
IRS2	0.70034	<5.33E-54	<9.64E-54
MID1	0.70026	<5.33E-54	<9.64E-54
TMEM38B	0.700233	<5.33E-54	<9.64E-54
FAM213B	0.700209	<5.33E-54	<9.64E-54
STEAP4	0.700131	<5.33E-54	<9.64E-54
STX12	0.700093	<5.33E-54	<9.64E-54
CHDH	0.700054	<5.33E-54	<9.64E-54
SETD3	0.699982	<5.33E-54	<9.64E-54
PEX14	0.699678	<5.33E-54	<9.64E-54
GGH	0.699639	<5.33E-54	<9.64E-54
NDRG2	0.699597	<5.33E-54	<9.64E-54
PDK3	0.699286	<5.33E-54	<9.64E-54
EEPD1	0.699078	<5.33E-54	<9.64E-54
EML1	0.698836	<5.33E-54	<9.64E-54
TAGLN	0.698824	<5.33E-54	<9.64E-54
MAPRE1	0.698791	<5.33E-54	<9.64E-54
PACSIN2	0.698674	<5.33E-54	<9.64E-54
FLNA	0.69857	<5.33E-54	<9.64E-54
CDC34	0.698525	<5.33E-54	<9.64E-54
NIT2	0.698504	<5.33E-54	<9.64E-54
IMPDH2	0.698448	<5.33E-54	<9.64E-54
ATL3	0.69823	<5.33E-54	<9.64E-54
UFL1	0.698092	<5.33E-54	<9.64E-54
GCKR	0.698021	<5.33E-54	<9.64E-54
PARS2	0.697964	<5.33E-54	<9.64E-54
STK10	0.697937	<5.33E-54	<9.64E-54
ARHGEF12	0.697845	<5.33E-54	<9.64E-54
TNFAIP2	0.697618	<5.33E-54	<9.64E-54
SRM	0.69743	<5.33E-54	<9.64E-54
PCSK9	0.697325	<5.33E-54	<9.64E-54
DGKA	0.697289	<5.33E-54	<9.64E-54
RRM2B	0.697107	<5.33E-54	<9.64E-54
AGMAT	0.69705	<5.33E-54	<9.64E-54
THBS2	0.697009	<5.33E-54	<9.64E-54
DESI1	0.696919	<5.33E-54	<9.64E-54
ITGAX	0.696812	<5.33E-54	<9.64E-54
SLC37A4	0.696752	<5.33E-54	<9.64E-54
MSH2	0.696662	<5.33E-54	<9.64E-54
UBR7	0.696644	<5.33E-54	<9.64E-54
STIM1	0.696612	<5.33E-54	<9.64E-54
KIAA1671	0.696525	<5.33E-54	<9.64E-54
LANCL2	0.696373	<5.33E-54	<9.64E-54
IGFBP3	0.696274	<5.33E-54	<9.64E-54
BCKDK	0.696238	<5.33E-54	<9.64E-54
EVI5	0.696223	<5.33E-54	<9.64E-54
WFS1	0.696211	<5.33E-54	<9.64E-54
FAM20A	0.696176	<5.33E-54	<9.64E-54
CBR4	0.695779	<5.33E-54	<9.64E-54
C8orf33	0.695716	<5.33E-54	<9.64E-54
GPLD1	0.69568	<5.33E-54	<9.64E-54
PPM1G	0.695662	<5.33E-54	<9.64E-54
TMEM82	0.695564	<5.33E-54	<9.64E-54
TATDN1	0.695444	<5.33E-54	<9.64E-54
ARL8A	0.69537	<5.33E-54	<9.64E-54
HYOU1	0.695271	<5.33E-54	<9.64E-54
ABCF2	0.695182	<5.33E-54	<9.64E-54
DDX19A	0.695143	<5.33E-54	<9.64E-54
CNST	0.694904	<5.33E-54	<9.64E-54
DPY19L1	0.694889	<5.33E-54	<9.64E-54
NAGK	0.694773	<5.33E-54	<9.64E-54
PRKAR1B	0.694581	<5.33E-54	<9.64E-54
AGPAT2	0.694564	<5.33E-54	<9.64E-54
SDC4	0.694301	<5.33E-54	<9.64E-54
HMGA1	0.694146	<5.33E-54	<9.64E-54
TEX2	0.69396	<5.33E-54	<9.64E-54
EEF2K	0.693937	<5.33E-54	<9.64E-54
ST3GAL6	0.693934	<5.33E-54	<9.64E-54
PFKFB2	0.693925	<5.33E-54	<9.64E-54
AHNAK	0.693889	<5.33E-54	<9.64E-54
CASP7	0.693787	<5.33E-54	<9.64E-54
TXNL4B	0.693722	<5.33E-54	<9.64E-54
DICER1	0.693704	<5.33E-54	<9.64E-54
LAMA3	0.693572	<5.33E-54	<9.64E-54
EBP	0.693531	<5.33E-54	<9.64E-54
AGPAT5	0.693408	<5.33E-54	<9.64E-54
ANXA7	0.693345	<5.33E-54	<9.64E-54
LSR	0.693319	<5.33E-54	<9.64E-54
ENPP4	0.693193	<5.33E-54	<9.64E-54
CCDC117	0.693068	<5.33E-54	<9.64E-54
AGT	0.693011	<5.33E-54	<9.64E-54
ACP1	0.692874	<5.33E-54	<9.64E-54
PLXDC2	0.692865	<5.33E-54	<9.64E-54
CLPTM1L	0.69285	<5.33E-54	<9.64E-54
ST6GAL1	0.692829	<5.33E-54	<9.64E-54
NSUN6	0.692802	<5.33E-54	<9.64E-54
WDFY4	0.692769	<5.33E-54	<9.64E-54
IQGAP2	0.692748	<5.33E-54	<9.64E-54
SEC24D	0.692527	<5.33E-54	<9.64E-54
USP13	0.692471	<5.33E-54	<9.64E-54
INHBE	0.692396	<5.33E-54	<9.64E-54
AGL	0.692301	<5.33E-54	<9.64E-54
CSRP1	0.692196	<5.33E-54	<9.64E-54
TBC1D13	0.692077	<5.33E-54	<9.64E-54
SYK	0.692065	<5.33E-54	<9.64E-54
MAT2B	0.692029	<5.33E-54	<9.64E-54
ARVCF	0.691838	<5.33E-54	<9.64E-54
NAT2	0.691703	5.86e-24	1.05e-23
PRPS2	0.691632	<5.33E-54	<9.64E-54
PHLDB2	0.691497	<5.33E-54	<9.64E-54
CD40	0.69119	<5.33E-54	<9.64E-54
PXDC1	0.691038	<5.33E-54	<9.64E-54
PIGU	0.691008	<5.33E-54	<9.64E-54
PPP1R13L	0.690775	<5.33E-54	<9.64E-54
PCDH1	0.690757	<5.33E-54	<9.64E-54
TARS2	0.690685	<5.33E-54	<9.64E-54
DOCK1	0.690679	<5.33E-54	<9.64E-54
SPAG9	0.69059	<5.33E-54	<9.64E-54
FGFR4	0.690321	<5.33E-54	<9.64E-54
TTC4	0.690139	<5.33E-54	<9.64E-54
GNB1L	0.690124	<5.33E-54	<9.64E-54
DFFA	0.690023	<5.33E-54	<9.64E-54
BDH2	0.689823	<5.33E-54	<9.64E-54
RFC1	0.689602	<5.33E-54	<9.64E-54
NOP16	0.689485	<5.33E-54	<9.64E-54
XPO7	0.689127	<5.33E-54	<9.64E-54
TRMT6	0.689046	<5.33E-54	<9.64E-54
ELOVL5	0.688975	<5.33E-54	<9.64E-54
NAT1	0.688858	<5.33E-54	<9.64E-54
NUDT1	0.688778	<5.33E-54	<9.64E-54
PLEKHA1	0.688766	<5.33E-54	<9.64E-54
RUFY1	0.688709	<5.33E-54	<9.64E-54
DDX59	0.688631	<5.33E-54	<9.64E-54
LEMD2	0.688599	<5.33E-54	<9.64E-54
LBP	0.688485	<5.33E-54	<9.64E-54
ASGR2	0.688473	<5.33E-54	<9.64E-54
PXMP4	0.688348	<5.33E-54	<9.64E-54
SUOX	0.688309	<5.33E-54	<9.64E-54
NEDD4	0.688291	<5.33E-54	<9.64E-54
ABCC2	0.688276	<5.33E-54	<9.64E-54
GARS	0.688115	<5.33E-54	<9.64E-54
XPO5	0.688052	<5.33E-54	<9.64E-54
TST	0.688028	<5.33E-54	<9.64E-54
DHX38	0.688005	<5.33E-54	<9.64E-54
F9	0.687927	<5.33E-54	<9.64E-54
WRNIP1	0.687625	<5.33E-54	<9.64E-54
SERPINA7	0.687551	<5.33E-54	<9.64E-54
DHX29	0.687303	<5.33E-54	<9.64E-54
PEX11G	0.687081	1.53e-23	2.74e-23
RNASET2	0.686966	<5.33E-54	<9.64E-54
PLCB2	0.686948	<5.33E-54	<9.64E-54
YAP1	0.68687	<5.33E-54	<9.64E-54
TRAP1	0.686769	<5.33E-54	<9.64E-54
MIA3	0.686742	<5.33E-54	<9.64E-54
IQSEC1	0.686539	<5.33E-54	<9.64E-54
KARS	0.686506	<5.33E-54	<9.64E-54
PTGDS	0.686246	<5.33E-54	<9.64E-54
ATP6V1C1	0.686097	<5.33E-54	<9.64E-54
ATIC	0.686043	<5.33E-54	<9.64E-54
SEC63	0.685977	<5.33E-54	<9.64E-54
PGAM2	0.685769	2e-23	3.59e-23
SYNPO	0.685712	<5.33E-54	<9.64E-54
ATP2A3	0.685595	<5.33E-54	<9.64E-54
DHRS7B	0.685509	<5.33E-54	<9.64E-54
FAM151A	0.685477	2.13e-23	3.81e-23
FUOM	0.685437	<5.33E-54	<9.64E-54
MYL6B	0.685336	<5.33E-54	<9.64E-54
COLGALT1	0.685324	<5.33E-54	<9.64E-54
MBLAC2	0.685153	<5.33E-54	<9.64E-54
CRKL	0.685043	<5.33E-54	<9.64E-54
GCHFR	0.685013	<5.33E-54	<9.64E-54
GPD2	0.684956	<5.33E-54	<9.64E-54
NCEH1	0.684819	<5.33E-54	<9.64E-54
TRIOBP	0.684777	<5.33E-54	<9.64E-54
AASDHPPT	0.684771	<5.33E-54	<9.64E-54
RPRD1A	0.684703	<5.33E-54	<9.64E-54
PARVG	0.684547	<5.33E-54	<9.64E-54
BCKDHB	0.684512	<5.33E-54	<9.64E-54
IL16	0.68447	<5.33E-54	<9.64E-54
ASCC3	0.684359	<5.33E-54	<9.64E-54
LMBRD2	0.684255	<5.33E-54	<9.64E-54
ATP2B2	0.684231	<5.33E-54	<9.64E-54
DGAT2	0.684055	<5.33E-54	<9.64E-54
KBTBD11	0.683926	<5.33E-54	<9.64E-54
TBC1D1	0.683906	<5.33E-54	<9.64E-54
ATG2B	0.683682	<5.33E-54	<9.64E-54
GIPC1	0.683667	<5.33E-54	<9.64E-54
TFR2	0.683652	<5.33E-54	<9.64E-54
ARSB	0.683503	<5.33E-54	<9.64E-54
PARD3	0.683368	<5.33E-54	<9.64E-54
ERAP1	0.683359	<5.33E-54	<9.64E-54
CTPS2	0.683356	<5.33E-54	<9.64E-54
ITIH2	0.683046	<5.33E-54	<9.64E-54
STAB1	0.683025	<5.33E-54	<9.64E-54
CC2D1B	0.682932	<5.33E-54	<9.64E-54
PBXIP1	0.682914	<5.33E-54	<9.64E-54
PPP1R21	0.682568	<5.33E-54	<9.64E-54
NUCB2	0.682535	<5.33E-54	<9.64E-54
TCF25	0.682532	<5.33E-54	<9.64E-54
IARS	0.682455	<5.33E-54	<9.64E-54
CPVL	0.682434	<5.33E-54	<9.64E-54
ARHGEF40	0.682299	<5.33E-54	<9.64E-54
TAOK3	0.682087	<5.33E-54	<9.64E-54
COL3A1	0.682028	<5.33E-54	<9.64E-54
AKR1C3	0.681974	<5.33E-54	<9.64E-54
IDI1	0.681747	<5.33E-54	<9.64E-54
SLC29A1	0.681511	<5.33E-54	<9.64E-54
CD47	0.681416	<5.33E-54	<9.64E-54
FNTA	0.68132	<5.33E-54	<9.64E-54
PRMT1	0.681177	<5.33E-54	<9.64E-54
TRIM14	0.681168	<5.33E-54	<9.64E-54
ZMPSTE24	0.681075	<5.33E-54	<9.64E-54
COLEC10	0.680974	5.3e-23	9.48e-23
RAB11FIP5	0.68095	<5.33E-54	<9.64E-54
CFHR5	0.680834	<5.33E-54	<9.64E-54
SPAG7	0.680684	<5.33E-54	<9.64E-54
BOLA2	0.680517	<5.33E-54	<9.64E-54
HADHA	0.680505	<5.33E-54	<9.64E-54
C17orf49	0.680475	<5.33E-54	<9.64E-54
CDC42BPA	0.680308	<5.33E-54	<9.64E-54
TCEA1	0.680281	<5.33E-54	<9.64E-54
OAS3	0.680183	<5.33E-54	<9.64E-54
DOCK4	0.680105	<5.33E-54	<9.64E-54
FAM160B1	0.679962	<5.33E-54	<9.64E-54
C1RL	0.679956	<5.33E-54	<9.64E-54
SDC1	0.679911	<5.33E-54	<9.64E-54
NVL	0.679884	<5.33E-54	<9.64E-54
ITGA9	0.67986	<5.33E-54	<9.64E-54
FMNL1	0.679795	<5.33E-54	<9.64E-54
DPP9	0.679768	<5.33E-54	<9.64E-54
FPGT	0.679735	<5.33E-54	<9.64E-54
HOOK3	0.679657	<5.33E-54	<9.64E-54
AKR1A1	0.679627	<5.33E-54	<9.64E-54
USP10	0.679433	<5.33E-54	<9.64E-54
DSN1	0.67943	<5.33E-54	<9.64E-54
HOMER3	0.679353	<5.33E-54	<9.64E-54
ARL2BP	0.679195	<5.33E-54	<9.64E-54
IFIT5	0.67918	<5.33E-54	<9.64E-54
ME2	0.679153	<5.33E-54	<9.64E-54
CRAT	0.679123	<5.33E-54	<9.64E-54
XPC	0.679084	<5.33E-54	<9.64E-54
NCF1	0.679066	<5.33E-54	<9.64E-54
NT5C3A	0.678971	<5.33E-54	<9.64E-54
ALPL	0.678872	<5.33E-54	<9.64E-54
C16orf58	0.678774	<5.33E-54	<9.64E-54
OTUD7B	0.678771	<5.33E-54	<9.64E-54
PAH	0.678753	<5.33E-54	<9.64E-54
DSG2	0.678654	<5.33E-54	<9.64E-54
INPP5A	0.678544	<5.33E-54	<9.64E-54
NUDT5	0.678397	<5.33E-54	<9.64E-54
GRTP1	0.678344	<5.33E-54	<9.64E-54
CPD	0.678132	<5.33E-54	<9.64E-54
CNPY4	0.678117	<5.33E-54	<9.64E-54
TAF7	0.678048	<5.33E-54	<9.64E-54
SERPINA10	0.677985	<5.33E-54	<9.64E-54
ZNF598	0.677973	<5.33E-54	<9.64E-54
ACP5	0.677935	<5.33E-54	<9.64E-54
TNFAIP3	0.677782	<5.33E-54	<9.64E-54
VPS36	0.67763	<5.33E-54	<9.64E-54
SP110	0.677582	<5.33E-54	<9.64E-54
CRIP2	0.677454	<5.33E-54	<9.64E-54
PLS1	0.677373	<5.33E-54	<9.64E-54
GLCE	0.677233	<5.33E-54	<9.64E-54
PDXP	0.677093	<5.33E-54	<9.64E-54
SNTB1	0.677066	<5.33E-54	<9.64E-54
TDRKH	0.677054	<5.33E-54	<9.64E-54
XYLB	0.677024	<5.33E-54	<9.64E-54
PNP	0.677009	<5.33E-54	<9.64E-54
RALY	0.676917	<5.33E-54	<9.64E-54
NUDCD3	0.676878	<5.33E-54	<9.64E-54
SLC25A4	0.676872	<5.33E-54	<9.64E-54
DTNBP1	0.676788	<5.33E-54	<9.64E-54
TBXAS1	0.676681	<5.33E-54	<9.64E-54
FARP1	0.676594	<5.33E-54	<9.64E-54
GNG12	0.67646	<5.33E-54	<9.64E-54
SLC25A44	0.676364	<5.33E-54	<9.64E-54
TSPAN14	0.676337	<5.33E-54	<9.64E-54
MOCOS	0.676272	<5.33E-54	<9.64E-54
SEC24B	0.676254	<5.33E-54	<9.64E-54
INPP5D	0.676114	<5.33E-54	<9.64E-54
HLA-DMB	0.676036	<5.33E-54	<9.64E-54
CTBP1	0.675985	<5.33E-54	<9.64E-54
NCL	0.675985	<5.33E-54	<9.64E-54
LACTB	0.675955	<5.33E-54	<9.64E-54
BCL2L13	0.675908	1.45e-22	2.59e-22
RTKN	0.675881	<5.33E-54	<9.64E-54
MXRA7	0.675848	<5.33E-54	<9.64E-54
BAG3	0.675797	<5.33E-54	<9.64E-54
DUSP3	0.675705	<5.33E-54	<9.64E-54
BLVRB	0.675636	<5.33E-54	<9.64E-54
SPTLC2	0.675615	<5.33E-54	<9.64E-54
GM2A	0.6754	<5.33E-54	<9.64E-54
VIM	0.675167	<5.33E-54	<9.64E-54
C19orf12	0.674994	<5.33E-54	<9.64E-54
ARL6IP5	0.674979	<5.33E-54	<9.64E-54
GALNS	0.674872	<5.33E-54	<9.64E-54
C1S	0.6748	<5.33E-54	<9.64E-54
AGA	0.674743	<5.33E-54	<9.64E-54
BAZ1A	0.674728	<5.33E-54	<9.64E-54
SYNPO2	0.67469	<5.33E-54	<9.64E-54
DCTD	0.674687	<5.33E-54	<9.64E-54
AKR1D1	0.674516	<5.33E-54	<9.64E-54
TMEM43	0.674376	<5.33E-54	<9.64E-54
RASSF2	0.674286	<5.33E-54	<9.64E-54
PIK3AP1	0.674248	<5.33E-54	<9.64E-54
PLCB1	0.674036	<5.33E-54	<9.64E-54
TRIM24	0.67403	<5.33E-54	<9.64E-54
IL1RAP	0.673788	<5.33E-54	<9.64E-54
THEM6	0.673609	<5.33E-54	<9.64E-54
ERGIC1	0.673552	<5.33E-54	<9.64E-54
SLC30A10	0.673486	<5.33E-54	<9.64E-54
HLA-DMA	0.673415	<5.33E-54	<9.64E-54
DNAJC25	0.673358	<5.33E-54	<9.64E-54
DOCK2	0.673343	<5.33E-54	<9.64E-54
TRIM28	0.673248	<5.33E-54	<9.64E-54
PTMS	0.673155	<5.33E-54	<9.64E-54
IMPACT	0.673149	<5.33E-54	<9.64E-54
DLAT	0.672794	<5.33E-54	<9.64E-54
ADAMTSL4	0.672773	<5.33E-54	<9.64E-54
AGPAT3	0.672755	<5.33E-54	<9.64E-54
LMOD1	0.672662	<5.33E-54	<9.64E-54
RNF213	0.672585	<5.33E-54	<9.64E-54
EPB41L4B	0.672555	<5.33E-54	<9.64E-54
RBM47	0.672418	<5.33E-54	<9.64E-54
TBCEL	0.672355	<5.33E-54	<9.64E-54
TRANK1	0.672086	<5.33E-54	<9.64E-54
CXADR	0.671871	<5.33E-54	<9.64E-54
CDH2	0.671859	<5.33E-54	<9.64E-54
PLVAP	0.67185	<5.33E-54	<9.64E-54
ALG5	0.671844	<5.33E-54	<9.64E-54
MAL2	0.671815	<5.33E-54	<9.64E-54
AGFG2	0.671301	<5.33E-54	<9.64E-54
PAK4	0.671197	<5.33E-54	<9.64E-54
COL12A1	0.671047	<5.33E-54	<9.64E-54
FAM49A	0.670946	<5.33E-54	<9.64E-54
LGALS1	0.670761	<5.33E-54	<9.64E-54
IDE	0.670638	<5.33E-54	<9.64E-54
SLC26A1	0.670611	<5.33E-54	<9.64E-54
M6PR	0.67051	<5.33E-54	<9.64E-54
AHR	0.670393	<5.33E-54	<9.64E-54
HIP1R	0.670211	<5.33E-54	<9.64E-54
CYP4V2	0.670196	<5.33E-54	<9.64E-54
CNN1	0.67007	4.52e-22	8.08e-22
CLUH	0.669916	<5.33E-54	<9.64E-54
PPME1	0.669853	<5.33E-54	<9.64E-54
NARS2	0.669695	<5.33E-54	<9.64E-54
NEK7	0.669671	<5.33E-54	<9.64E-54
F5	0.669644	<5.33E-54	<9.64E-54
PVR	0.669435	<5.33E-54	<9.64E-54
HDDC2	0.669396	<5.33E-54	<9.64E-54
PA2G4	0.66934	<5.33E-54	<9.64E-54
TSTA3	0.66919	<5.33E-54	<9.64E-54
CLDN1	0.669187	<5.33E-54	<9.64E-54
TARBP1	0.669059	<5.33E-54	<9.64E-54
ELAC2	0.66905	<5.33E-54	<9.64E-54
GAPDH	0.669044	<5.33E-54	<9.64E-54
CNN2	0.669008	<5.33E-54	<9.64E-54
DHX57	0.668949	<5.33E-54	<9.64E-54
SLC22A1	0.668925	<5.33E-54	<9.64E-54
SAT2	0.668853	<5.33E-54	<9.64E-54
ACAP1	0.668751	<5.33E-54	<9.64E-54
SOWAHB	0.668746	<5.33E-54	<9.64E-54
HSD17B13	0.668605	<5.33E-54	<9.64E-54
MRTO4	0.668414	<5.33E-54	<9.64E-54
HSD17B7	0.668402	<5.33E-54	<9.64E-54
UAP1L1	0.668295	<5.33E-54	<9.64E-54
OGDH	0.668139	<5.33E-54	<9.64E-54
BIN2	0.668092	<5.33E-54	<9.64E-54
SYNE2	0.667981	<5.33E-54	<9.64E-54
SSH3	0.667928	<5.33E-54	<9.64E-54
REPS1	0.667913	<5.33E-54	<9.64E-54
DAAM1	0.667868	<5.33E-54	<9.64E-54
APOBR	0.667426	<5.33E-54	<9.64E-54
TREX1	0.667289	<5.33E-54	<9.64E-54
NPM1	0.667184	<5.33E-54	<9.64E-54
PAICS	0.667142	<5.33E-54	<9.64E-54
CYB5R2	0.667083	<5.33E-54	<9.64E-54
CTSS	0.667077	<5.33E-54	<9.64E-54
SET	0.666659	<5.33E-54	<9.64E-54
HBS1L	0.66659	<5.33E-54	<9.64E-54
POLB	0.666187	<5.33E-54	<9.64E-54
FUS	0.666041	<5.33E-54	<9.64E-54
HELZ2	0.665942	<5.33E-54	<9.64E-54
B2M	0.665906	<5.33E-54	<9.64E-54
ACAD8	0.665715	<5.33E-54	<9.64E-54
ZNRF2	0.665659	<5.33E-54	<9.64E-54
FBXO4	0.665494	<5.33E-54	<9.64E-54
DTX3L	0.665387	<5.33E-54	<9.64E-54
SAA1	0.665372	<5.33E-54	<9.64E-54
NCKIPSD	0.665363	<5.33E-54	<9.64E-54
HMGB2	0.665321	<5.33E-54	<9.64E-54
FCGR2A	0.665282	<5.33E-54	<9.64E-54
CD2BP2	0.665163	<5.33E-54	<9.64E-54
GIMAP1	0.665118	<5.33E-54	<9.64E-54
FAM49B	0.665032	<5.33E-54	<9.64E-54
ZADH2	0.664981	<5.33E-54	<9.64E-54
ARHGEF5	0.664921	<5.33E-54	<9.64E-54
THYN1	0.664826	<5.33E-54	<9.64E-54
LXN	0.664673	<5.33E-54	<9.64E-54
METTL7A	0.664664	<5.33E-54	<9.64E-54
GOLGA5	0.664417	<5.33E-54	<9.64E-54
TRADD	0.664295	1.35e-21	2.42e-21
TTC1	0.664023	<5.33E-54	<9.64E-54
TRIM65	0.664008	<5.33E-54	<9.64E-54
RAD23B	0.66396	<5.33E-54	<9.64E-54
ALDH3A1	0.663936	<5.33E-54	<9.64E-54
ARHGEF10L	0.663864	<5.33E-54	<9.64E-54
SEC24A	0.663805	<5.33E-54	<9.64E-54
PLCG1	0.663784	<5.33E-54	<9.64E-54
AGTRAP	0.663772	<5.33E-54	<9.64E-54
ATP9A	0.663718	<5.33E-54	<9.64E-54
UBE2L3	0.663646	<5.33E-54	<9.64E-54
ENG	0.663578	<5.33E-54	<9.64E-54
CREG1	0.663569	<5.33E-54	<9.64E-54
CSRP2	0.663518	<5.33E-54	<9.64E-54
VPS4A	0.663506	<5.33E-54	<9.64E-54
EIF2D	0.663485	<5.33E-54	<9.64E-54
DGAT1	0.663408	<5.33E-54	<9.64E-54
PPAT	0.663276	<5.33E-54	<9.64E-54
EPB41L1	0.66319	<5.33E-54	<9.64E-54
PCNA	0.663172	<5.33E-54	<9.64E-54
AKT1	0.663079	<5.33E-54	<9.64E-54
EML2	0.662972	<5.33E-54	<9.64E-54
RABEP2	0.662951	<5.33E-54	<9.64E-54
SWAP70	0.662772	<5.33E-54	<9.64E-54
CDK18	0.662551	<5.33E-54	<9.64E-54
VPS26B	0.662419	<5.33E-54	<9.64E-54
TUBB4A	0.662356	1.95e-21	3.48e-21
STUB1	0.662354	<5.33E-54	<9.64E-54
RAB2A	0.661903	<5.33E-54	<9.64E-54
SUPT16H	0.661781	<5.33E-54	<9.64E-54
ARHGAP25	0.661748	<5.33E-54	<9.64E-54
CCDC88B	0.66156	<5.33E-54	<9.64E-54
LMAN2L	0.661506	<5.33E-54	<9.64E-54
ACACA	0.661494	<5.33E-54	<9.64E-54
LETM1	0.66141	<5.33E-54	<9.64E-54
KPNB1	0.661392	<5.33E-54	<9.64E-54
LYPLAL1	0.661168	<5.33E-54	<9.64E-54
RMDN3	0.661145	<5.33E-54	<9.64E-54
MPI	0.66113	<5.33E-54	<9.64E-54
SP100	0.661124	<5.33E-54	<9.64E-54
TOMM34	0.661007	<5.33E-54	<9.64E-54
ASPN	0.660957	<5.33E-54	<9.64E-54
NSFL1C	0.660942	<5.33E-54	<9.64E-54
HNRNPF	0.660777	<5.33E-54	<9.64E-54
STX7	0.660724	<5.33E-54	<9.64E-54
ECE1	0.660342	<5.33E-54	<9.64E-54
EPB41L2	0.660333	<5.33E-54	<9.64E-54
NCALD	0.66018	<5.33E-54	<9.64E-54
PDS5A	0.659715	<5.33E-54	<9.64E-54
VCPIP1	0.659509	<5.33E-54	<9.64E-54
CCDC43	0.659434	<5.33E-54	<9.64E-54
CYP4F12	0.659419	<5.33E-54	<9.64E-54
SYAP1	0.659413	<5.33E-54	<9.64E-54
THSD4	0.659383	<5.33E-54	<9.64E-54
TACC2	0.65935	<5.33E-54	<9.64E-54
CFL2	0.659153	<5.33E-54	<9.64E-54
C4BPA	0.65915	<5.33E-54	<9.64E-54
NCF4	0.659085	3.57e-21	6.39e-21
KIAA1217	0.659067	<5.33E-54	<9.64E-54
PYROXD2	0.659055	<5.33E-54	<9.64E-54
CA2	0.659037	<5.33E-54	<9.64E-54
LRRC47	0.658849	<5.33E-54	<9.64E-54
TMLHE	0.658825	<5.33E-54	<9.64E-54
SYNJ2	0.658822	<5.33E-54	<9.64E-54
HNRNPAB	0.658813	<5.33E-54	<9.64E-54
ADAM15	0.658679	<5.33E-54	<9.64E-54
ABHD12	0.658673	<5.33E-54	<9.64E-54
ECHS1	0.658282	<5.33E-54	<9.64E-54
ERP44	0.658195	<5.33E-54	<9.64E-54
GRPEL1	0.658177	<5.33E-54	<9.64E-54
MECR	0.658082	<5.33E-54	<9.64E-54
FITM2	0.658049	<5.33E-54	<9.64E-54
DPYD	0.657911	<5.33E-54	<9.64E-54
SPP2	0.657565	<5.33E-54	<9.64E-54
OAS1	0.657556	<5.33E-54	<9.64E-54
GALC	0.657461	<5.33E-54	<9.64E-54
OSTM1	0.657431	<5.33E-54	<9.64E-54
POFUT1	0.65732	<5.33E-54	<9.64E-54
CBFB	0.657195	<5.33E-54	<9.64E-54
BGN	0.656998	<5.33E-54	<9.64E-54
FAIM	0.65689	<5.33E-54	<9.64E-54
PLCD1	0.65661	<5.33E-54	<9.64E-54
NRDE2	0.656529	<5.33E-54	<9.64E-54
CHPT1	0.656505	<5.33E-54	<9.64E-54
CAMKK2	0.656422	<5.33E-54	<9.64E-54
ACTL6A	0.656395	<5.33E-54	<9.64E-54
RMND1	0.656323	<5.33E-54	<9.64E-54
CHORDC1	0.656186	<5.33E-54	<9.64E-54
EIF2AK2	0.655837	<5.33E-54	<9.64E-54
SLC9B2	0.655681	<5.33E-54	<9.64E-54
HSPA12A	0.655565	<5.33E-54	<9.64E-54
DYNC1H1	0.655368	<5.33E-54	<9.64E-54
KCTD21	0.655189	<5.33E-54	<9.64E-54
GLMN	0.655171	<5.33E-54	<9.64E-54
SCCPDH	0.655045	<5.33E-54	<9.64E-54
GFPT1	0.654938	<5.33E-54	<9.64E-54
PITPNA	0.654792	<5.33E-54	<9.64E-54
FAM20B	0.65449	<5.33E-54	<9.64E-54
CNN3	0.654341	<5.33E-54	<9.64E-54
TXNL1	0.654203	<5.33E-54	<9.64E-54
ANKLE2	0.654135	<5.33E-54	<9.64E-54
SLC5A6	0.654114	<5.33E-54	<9.64E-54
PNPLA8	0.653941	<5.33E-54	<9.64E-54
SBDS	0.653863	<5.33E-54	<9.64E-54
GUSB	0.653815	<5.33E-54	<9.64E-54
PREX1	0.653789	<5.33E-54	<9.64E-54
MAP4	0.653738	<5.33E-54	<9.64E-54
ADPRH	0.65372	<5.33E-54	<9.64E-54
PDIA4	0.653591	<5.33E-54	<9.64E-54
ARL2	0.65352	<5.33E-54	<9.64E-54
HPS3	0.653487	<5.33E-54	<9.64E-54
MYO9B	0.653353	<5.33E-54	<9.64E-54
COX18	0.653329	<5.33E-54	<9.64E-54
ENDOD1	0.653215	<5.33E-54	<9.64E-54
HEBP2	0.653212	<5.33E-54	<9.64E-54
SH3KBP1	0.653212	<5.33E-54	<9.64E-54
LRSAM1	0.653176	<5.33E-54	<9.64E-54
NFATC2IP	0.653174	<5.33E-54	<9.64E-54
WIPF1	0.653123	<5.33E-54	<9.64E-54
XPOT	0.653066	<5.33E-54	<9.64E-54
COL6A2	0.653051	<5.33E-54	<9.64E-54
FBXL4	0.653036	<5.33E-54	<9.64E-54
PODN	0.652678	<5.33E-54	<9.64E-54
TMEM63A	0.652567	<5.33E-54	<9.64E-54
TBC1D10C	0.652484	<5.33E-54	<9.64E-54
CPSF6	0.652391	<5.33E-54	<9.64E-54
PRMT3	0.652323	<5.33E-54	<9.64E-54
PHIP	0.652227	<5.33E-54	<9.64E-54
RPA1	0.652158	<5.33E-54	<9.64E-54
SCRN1	0.652147	1.26e-20	2.26e-20
NEU1	0.65197	<5.33E-54	<9.64E-54
SARDH	0.651949	<5.33E-54	<9.64E-54
DENND4C	0.651896	<5.33E-54	<9.64E-54
USP11	0.651788	<5.33E-54	<9.64E-54
SLCO1B3	0.651755	<5.33E-54	<9.64E-54
ARHGAP18	0.651666	<5.33E-54	<9.64E-54
HLA-DPB1	0.651657	<5.33E-54	<9.64E-54
TTC19	0.651457	<5.33E-54	<9.64E-54
KIF13A	0.651415	<5.33E-54	<9.64E-54
CCDC6	0.651266	<5.33E-54	<9.64E-54
FHL2	0.65126	<5.33E-54	<9.64E-54
RTCA	0.651242	<5.33E-54	<9.64E-54
INPPL1	0.651221	<5.33E-54	<9.64E-54
OCRL	0.651161	<5.33E-54	<9.64E-54
RRAGC	0.651084	<5.33E-54	<9.64E-54
RAP2A	0.651066	<5.33E-54	<9.64E-54
NCOA5	0.651027	<5.33E-54	<9.64E-54
MAP2K4	0.650997	<5.33E-54	<9.64E-54
WBP2	0.650931	<5.33E-54	<9.64E-54
FCGR3A	0.650896	<5.33E-54	<9.64E-54
HM13	0.65086	<5.33E-54	<9.64E-54
CDH5	0.650725	<5.33E-54	<9.64E-54
RRP1B	0.650684	<5.33E-54	<9.64E-54
PRDX3	0.650603	<5.33E-54	<9.64E-54
ITPR1	0.65057	<5.33E-54	<9.64E-54
GLTP	0.650516	<5.33E-54	<9.64E-54
KCTD12	0.650418	<5.33E-54	<9.64E-54
EPS15L1	0.650215	<5.33E-54	<9.64E-54
TACO1	0.650087	<5.33E-54	<9.64E-54
GMDS	0.650042	<5.33E-54	<9.64E-54
ECHDC2	0.650009	<5.33E-54	<9.64E-54
BET1	0.649949	<5.33E-54	<9.64E-54
SCYL1	0.649854	<5.33E-54	<9.64E-54
FNDC3A	0.649549	<5.33E-54	<9.64E-54
RBP4	0.649227	<5.33E-54	<9.64E-54
ROCK2	0.64911	<5.33E-54	<9.64E-54
KIF5B	0.649039	<5.33E-54	<9.64E-54
CAMK2B	0.649021	2.21e-20	3.95e-20
CD302	0.648895	<5.33E-54	<9.64E-54
LMF1	0.648886	<5.33E-54	<9.64E-54
SH3GLB1	0.648821	<5.33E-54	<9.64E-54
FNBP1L	0.648767	<5.33E-54	<9.64E-54
GSTA4	0.648621	<5.33E-54	<9.64E-54
HEATR3	0.648495	<5.33E-54	<9.64E-54
THY1	0.648463	<5.33E-54	<9.64E-54
PRKDC	0.648418	<5.33E-54	<9.64E-54
MYO18A	0.64837	<5.33E-54	<9.64E-54
CALU	0.64831	<5.33E-54	<9.64E-54
VCP	0.64828	<5.33E-54	<9.64E-54
DOCK11	0.648209	<5.33E-54	<9.64E-54
GFOD2	0.648039	<5.33E-54	<9.64E-54
EIF4A1	0.648015	<5.33E-54	<9.64E-54
MAP2K6	0.647985	<5.33E-54	<9.64E-54
PTPN2	0.647895	<5.33E-54	<9.64E-54
PLEKHO2	0.647833	<5.33E-54	<9.64E-54
LCP1	0.647716	<5.33E-54	<9.64E-54
GPC6	0.64765	<5.33E-54	<9.64E-54
GLO1	0.647612	<5.33E-54	<9.64E-54
SIRT2	0.647537	<5.33E-54	<9.64E-54
PRKG1	0.647373	2.96e-20	5.28e-20
ITGA6	0.647349	<5.33E-54	<9.64E-54
PPP4R1	0.647241	<5.33E-54	<9.64E-54
THUMPD1	0.647203	<5.33E-54	<9.64E-54
STAU2	0.647197	<5.33E-54	<9.64E-54
PARP12	0.647092	<5.33E-54	<9.64E-54
TCOF1	0.647053	<5.33E-54	<9.64E-54
USO1	0.647032	<5.33E-54	<9.64E-54
SMAD5	0.647012	<5.33E-54	<9.64E-54
CLIP1	0.64691	<5.33E-54	<9.64E-54
C8orf82	0.646907	<5.33E-54	<9.64E-54
CYP2D6	0.646859	<5.33E-54	<9.64E-54
HOOK2	0.646826	<5.33E-54	<9.64E-54
ANKMY2	0.646707	<5.33E-54	<9.64E-54
ABHD15	0.646626	<5.33E-54	<9.64E-54
RHPN2	0.64648	<5.33E-54	<9.64E-54
MSH3	0.646447	<5.33E-54	<9.64E-54
TXNDC11	0.646429	<5.33E-54	<9.64E-54
SENP8	0.64637	<5.33E-54	<9.64E-54
ITGA5	0.646355	<5.33E-54	<9.64E-54
P4HB	0.646304	<5.33E-54	<9.64E-54
DNAJB6	0.646277	<5.33E-54	<9.64E-54
FKBP9	0.646271	<5.33E-54	<9.64E-54
RCC1	0.646104	<5.33E-54	<9.64E-54
ABCE1	0.646101	<5.33E-54	<9.64E-54
DPT	0.64607	3.72e-20	6.64e-20
CORO1B	0.645797	<5.33E-54	<9.64E-54
FDX1	0.645576	<5.33E-54	<9.64E-54
SAMHD1	0.645555	<5.33E-54	<9.64E-54
ANP32B	0.645519	<5.33E-54	<9.64E-54
ARSD	0.645456	<5.33E-54	<9.64E-54
PFKL	0.645432	<5.33E-54	<9.64E-54
PEX11B	0.645313	<5.33E-54	<9.64E-54
HSD17B12	0.645196	<5.33E-54	<9.64E-54
AKTIP	0.644979	<5.33E-54	<9.64E-54
RBMXL1	0.644961	<5.33E-54	<9.64E-54
TTC7B	0.644901	<5.33E-54	<9.64E-54
DYNC1LI1	0.644829	<5.33E-54	<9.64E-54
CLTB	0.644793	<5.33E-54	<9.64E-54
FKBP7	0.644755	<5.33E-54	<9.64E-54
ABCB8	0.644704	<5.33E-54	<9.64E-54
EIF5	0.644602	<5.33E-54	<9.64E-54
UTP23	0.644552	<5.33E-54	<9.64E-54
CDH13	0.64414	<5.33E-54	<9.64E-54
AKAP13	0.64408	<5.33E-54	<9.64E-54
UFSP2	0.644056	<5.33E-54	<9.64E-54
ELMOD2	0.643981	<5.33E-54	<9.64E-54
LRP1	0.643865	<5.33E-54	<9.64E-54
ACOT13	0.643769	<5.33E-54	<9.64E-54
CYP3A4	0.643722	<5.33E-54	<9.64E-54
EBAG9	0.643644	<5.33E-54	<9.64E-54
PDXDC1	0.643531	<5.33E-54	<9.64E-54
WAS	0.643274	<5.33E-54	<9.64E-54
PAK2	0.643134	<5.33E-54	<9.64E-54
PRCC	0.643059	<5.33E-54	<9.64E-54
MNDA	0.642966	<5.33E-54	<9.64E-54
FAM3C	0.642892	<5.33E-54	<9.64E-54
ARHGAP17	0.642751	<5.33E-54	<9.64E-54
LCLAT1	0.642569	<5.33E-54	<9.64E-54
FOLR2	0.642417	<5.33E-54	<9.64E-54
PRKCA	0.642378	<5.33E-54	<9.64E-54
GSTO1	0.642354	<5.33E-54	<9.64E-54
ART4	0.642253	<5.33E-54	<9.64E-54
HSPB6	0.642205	<5.33E-54	<9.64E-54
MTFR1	0.642077	<5.33E-54	<9.64E-54
ADSS	0.64202	<5.33E-54	<9.64E-54
PLIN5	0.641918	<5.33E-54	<9.64E-54
NEXN	0.641901	<5.33E-54	<9.64E-54
LRRFIP2	0.641862	<5.33E-54	<9.64E-54
UBXN7	0.641805	<5.33E-54	<9.64E-54
AK1	0.64173	<5.33E-54	<9.64E-54
MVK	0.641662	<5.33E-54	<9.64E-54
CD14	0.641545	<5.33E-54	<9.64E-54
SDSL	0.64128	<5.33E-54	<9.64E-54
MOB3A	0.64116	<5.33E-54	<9.64E-54
PDCL3	0.640966	<5.33E-54	<9.64E-54
CLIC6	0.640865	9.2e-20	1.64e-19
PUS3	0.640764	9.36e-20	1.67e-19
USP5	0.640718	<5.33E-54	<9.64E-54
MYO1C	0.640542	<5.33E-54	<9.64E-54
C1QBP	0.640531	9.74e-20	1.74e-19
SETDB1	0.640503	<5.33E-54	<9.64E-54
STAT2	0.640375	<5.33E-54	<9.64E-54
SLC9A9	0.640273	<5.33E-54	<9.64E-54
TMEM192	0.640265	<5.33E-54	<9.64E-54
CALML4	0.640226	<5.33E-54	<9.64E-54
GPM6A	0.6402	1.03e-19	1.84e-19
TOR1AIP1	0.640193	<5.33E-54	<9.64E-54
SLC25A46	0.640056	<5.33E-54	<9.64E-54
PHLDB1	0.639975	<5.33E-54	<9.64E-54
ST5	0.639823	<5.33E-54	<9.64E-54
ITGA1	0.639697	<5.33E-54	<9.64E-54
FGD2	0.639554	<5.33E-54	<9.64E-54
PEX11A	0.639545	<5.33E-54	<9.64E-54
MOCS3	0.63942	<5.33E-54	<9.64E-54
MDP1	0.639375	<5.33E-54	<9.64E-54
CRADD	0.639318	<5.33E-54	<9.64E-54
DNAJC7	0.639235	<5.33E-54	<9.64E-54
CORO7	0.639148	<5.33E-54	<9.64E-54
RAB11FIP1	0.639148	<5.33E-54	<9.64E-54
TBCB	0.639112	<5.33E-54	<9.64E-54
USP40	0.639049	<5.33E-54	<9.64E-54
GNL1	0.638993	<5.33E-54	<9.64E-54
CIRBP	0.638951	<5.33E-54	<9.64E-54
STAT5B	0.638927	<5.33E-54	<9.64E-54
VPS37A	0.638852	<5.33E-54	<9.64E-54
UGT1A3	0.638813	1.31e-19	2.33e-19
ADCY9	0.638811	<5.33E-54	<9.64E-54
SERPINB6	0.638581	<5.33E-54	<9.64E-54
CYB5R3	0.638515	<5.33E-54	<9.64E-54
SEC16B	0.638458	<5.33E-54	<9.64E-54
KNTC1	0.638431	<5.33E-54	<9.64E-54
BID	0.638366	<5.33E-54	<9.64E-54
PDE3B	0.638339	<5.33E-54	<9.64E-54
MVD	0.63827	<5.33E-54	<9.64E-54
ALKBH5	0.638222	<5.33E-54	<9.64E-54
NUMB	0.638184	<5.33E-54	<9.64E-54
RTN1	0.6381	<5.33E-54	<9.64E-54
GTF2F2	0.638058	<5.33E-54	<9.64E-54
IRAK4	0.638037	<5.33E-54	<9.64E-54
LPIN2	0.638016	<5.33E-54	<9.64E-54
REXO4	0.637996	<5.33E-54	<9.64E-54
TALDO1	0.637948	<5.33E-54	<9.64E-54
MTA3	0.637822	<5.33E-54	<9.64E-54
PPP6R2	0.63781	<5.33E-54	<9.64E-54
PML	0.637793	<5.33E-54	<9.64E-54
RNF170	0.637569	<5.33E-54	<9.64E-54
PPP2R1B	0.63739	<5.33E-54	<9.64E-54
EHBP1L1	0.637357	<5.33E-54	<9.64E-54
PLEKHF2	0.637219	<5.33E-54	<9.64E-54
DHX9	0.637216	<5.33E-54	<9.64E-54
ESD	0.637028	<5.33E-54	<9.64E-54
HNRNPA1	0.636658	<5.33E-54	<9.64E-54
ENPP1	0.63661	<5.33E-54	<9.64E-54
CDC42BPB	0.636586	<5.33E-54	<9.64E-54
ATAD3A	0.63644	<5.33E-54	<9.64E-54
BTK	0.636392	<5.33E-54	<9.64E-54
FAHD1	0.636171	<5.33E-54	<9.64E-54
UBE2K	0.636171	<5.33E-54	<9.64E-54
ITPKC	0.636166	<5.33E-54	<9.64E-54
CLPP	0.636082	<5.33E-54	<9.64E-54
ADAP2	0.635888	<5.33E-54	<9.64E-54
MCAM	0.63587	<5.33E-54	<9.64E-54
SLC25A22	0.635852	<5.33E-54	<9.64E-54
PPIF	0.635804	<5.33E-54	<9.64E-54
MGAT2	0.635739	<5.33E-54	<9.64E-54
PSMG1	0.635545	<5.33E-54	<9.64E-54
SORBS3	0.635482	<5.33E-54	<9.64E-54
TP53BP1	0.63538	<5.33E-54	<9.64E-54
HYI	0.635377	<5.33E-54	<9.64E-54
PDK2	0.63533	<5.33E-54	<9.64E-54
KPNA6	0.635312	<5.33E-54	<9.64E-54
ASNA1	0.635198	<5.33E-54	<9.64E-54
SLK	0.6351	<5.33E-54	<9.64E-54
TLR3	0.635028	<5.33E-54	<9.64E-54
VAV2	0.634861	<5.33E-54	<9.64E-54
ACADVL	0.634855	<5.33E-54	<9.64E-54
ARL15	0.634697	<5.33E-54	<9.64E-54
DNM2	0.634532	<5.33E-54	<9.64E-54
FRMD4A	0.634425	<5.33E-54	<9.64E-54
DOCK10	0.634064	<5.33E-54	<9.64E-54
LTBP2	0.634019	<5.33E-54	<9.64E-54
HABP2	0.633894	<5.33E-54	<9.64E-54
SLC27A1	0.633855	<5.33E-54	<9.64E-54
TSN	0.633822	<5.33E-54	<9.64E-54
ARHGDIB	0.633697	<5.33E-54	<9.64E-54
ABCG5	0.633634	<5.33E-54	<9.64E-54
CLASP2	0.633559	<5.33E-54	<9.64E-54
SSRP1	0.633538	<5.33E-54	<9.64E-54
SSFA2	0.633464	<5.33E-54	<9.64E-54
FABP5	0.633365	<5.33E-54	<9.64E-54
SORBS1	0.633252	<5.33E-54	<9.64E-54
SUSD2	0.633171	<5.33E-54	<9.64E-54
UAP1	0.632974	<5.33E-54	<9.64E-54
PARP10	0.632822	<5.33E-54	<9.64E-54
C2orf72	0.63278	<5.33E-54	<9.64E-54
GPATCH1	0.632777	<5.33E-54	<9.64E-54
TNXB	0.63272	<5.33E-54	<9.64E-54
DLST	0.632676	<5.33E-54	<9.64E-54
ARFIP2	0.632658	<5.33E-54	<9.64E-54
CNPY3	0.632652	<5.33E-54	<9.64E-54
GMFG	0.632455	<5.33E-54	<9.64E-54
CAMK2D	0.632398	<5.33E-54	<9.64E-54
MAP1B	0.631861	<5.33E-54	<9.64E-54
PTGFRN	0.63184	<5.33E-54	<9.64E-54
YWHAH	0.63172	<5.33E-54	<9.64E-54
UCHL5	0.631684	<5.33E-54	<9.64E-54
HTATSF1	0.631672	<5.33E-54	<9.64E-54
ZNF706	0.631652	<5.33E-54	<9.64E-54
TPST2	0.631637	<5.33E-54	<9.64E-54
TCEA3	0.631634	<5.33E-54	<9.64E-54
BCAP31	0.631419	<5.33E-54	<9.64E-54
FERMT2	0.631416	<5.33E-54	<9.64E-54
SH3BGRL3	0.631413	<5.33E-54	<9.64E-54
ALAS1	0.631392	<5.33E-54	<9.64E-54
RBBP9	0.631383	<5.33E-54	<9.64E-54
SIPA1L1	0.631168	<5.33E-54	<9.64E-54
GPSM3	0.631117	<5.33E-54	<9.64E-54
NAAA	0.631102	<5.33E-54	<9.64E-54
FLCN	0.63104	<5.33E-54	<9.64E-54
CLPX	0.630926	<5.33E-54	<9.64E-54
GNE	0.630905	<5.33E-54	<9.64E-54
MYADM	0.630897	4.96e-19	8.85e-19
PPP2R2A	0.630842	<5.33E-54	<9.64E-54
SPTBN1	0.630819	<5.33E-54	<9.64E-54
GJB1	0.630783	<5.33E-54	<9.64E-54
ARHGAP29	0.630762	<5.33E-54	<9.64E-54
KCNAB2	0.630717	<5.33E-54	<9.64E-54
LIMA1	0.630654	<5.33E-54	<9.64E-54
RDH10	0.630604	<5.33E-54	<9.64E-54
COQ9	0.630439	<5.33E-54	<9.64E-54
LAMP2	0.630436	<5.33E-54	<9.64E-54
MGST3	0.630436	<5.33E-54	<9.64E-54
CCNYL1	0.630398	<5.33E-54	<9.64E-54
TMEM53	0.630383	<5.33E-54	<9.64E-54
ITGB2	0.630013	<5.33E-54	<9.64E-54
FAM162A	0.629893	<5.33E-54	<9.64E-54
DARS2	0.629872	<5.33E-54	<9.64E-54
BAX	0.629798	<5.33E-54	<9.64E-54
PPP1R2	0.629595	<5.33E-54	<9.64E-54
FAM107B	0.629511	<5.33E-54	<9.64E-54
HEPACAM	0.629485	6.27e-19	1.12e-18
MPP6	0.629404	<5.33E-54	<9.64E-54
CFHR2	0.629386	<5.33E-54	<9.64E-54
PDS5B	0.629293	<5.33E-54	<9.64E-54
RFC5	0.629212	<5.33E-54	<9.64E-54
SNX12	0.629192	<5.33E-54	<9.64E-54
CHD1L	0.629189	<5.33E-54	<9.64E-54
NAPG	0.629141	<5.33E-54	<9.64E-54
EARS2	0.629093	<5.33E-54	<9.64E-54
SLC12A9	0.629021	<5.33E-54	<9.64E-54
PTDSS1	0.628997	<5.33E-54	<9.64E-54
DECR2	0.628777	<5.33E-54	<9.64E-54
GFM2	0.62875	<5.33E-54	<9.64E-54
PAWR	0.628711	<5.33E-54	<9.64E-54
SUPV3L1	0.628624	<5.33E-54	<9.64E-54
EEF1E1	0.628588	<5.33E-54	<9.64E-54
SPATA5	0.628588	<5.33E-54	<9.64E-54
CENPV	0.628436	<5.33E-54	<9.64E-54
FAM91A1	0.628323	<5.33E-54	<9.64E-54
OPA1	0.628311	<5.33E-54	<9.64E-54
DBNL	0.628179	<5.33E-54	<9.64E-54
THBS1	0.628069	<5.33E-54	<9.64E-54
NECAP2	0.628015	<5.33E-54	<9.64E-54
TMEM186	0.62783	<5.33E-54	<9.64E-54
CDC42EP4	0.627794	<5.33E-54	<9.64E-54
QRSL1	0.627606	<5.33E-54	<9.64E-54
LYRM9	0.627532	<5.33E-54	<9.64E-54
ALG2	0.627451	<5.33E-54	<9.64E-54
PREP	0.627424	<5.33E-54	<9.64E-54
MYCBP2	0.627323	<5.33E-54	<9.64E-54
SCO1	0.627227	<5.33E-54	<9.64E-54
F7	0.627206	<5.33E-54	<9.64E-54
ACTR1A	0.626935	<5.33E-54	<9.64E-54
RASA3	0.626932	<5.33E-54	<9.64E-54
TOM1L2	0.626788	<5.33E-54	<9.64E-54
NCOA2	0.626758	<5.33E-54	<9.64E-54
UEVLD	0.626702	<5.33E-54	<9.64E-54
GTPBP1	0.626675	<5.33E-54	<9.64E-54
ABCD1	0.626648	<5.33E-54	<9.64E-54
DMD	0.62663	<5.33E-54	<9.64E-54
H1FX	0.626433	<5.33E-54	<9.64E-54
S100A16	0.626427	<5.33E-54	<9.64E-54
PARP16	0.626406	<5.33E-54	<9.64E-54
OGFOD3	0.626302	<5.33E-54	<9.64E-54
TNS3	0.626233	<5.33E-54	<9.64E-54
OPTN	0.626203	<5.33E-54	<9.64E-54
DNAJC10	0.626176	<5.33E-54	<9.64E-54
SMC3	0.626155	<5.33E-54	<9.64E-54
SH3GLB2	0.626128	<5.33E-54	<9.64E-54
CHMP3	0.626015	<5.33E-54	<9.64E-54
PLIN2	0.625827	<5.33E-54	<9.64E-54
PPCS	0.625821	<5.33E-54	<9.64E-54
CAMK2G	0.625803	<5.33E-54	<9.64E-54
CDNF	0.625794	<5.33E-54	<9.64E-54
SMARCC1	0.625782	<5.33E-54	<9.64E-54
UBA1	0.62577	<5.33E-54	<9.64E-54
TYSND1	0.625705	<5.33E-54	<9.64E-54
MYBBP1A	0.625546	<5.33E-54	<9.64E-54
NAA15	0.625487	<5.33E-54	<9.64E-54
PRKRA	0.625406	<5.33E-54	<9.64E-54
RAB3GAP2	0.625012	<5.33E-54	<9.64E-54
CSK	0.624964	<5.33E-54	<9.64E-54
TNC	0.624803	<5.33E-54	<9.64E-54
F10	0.624695	<5.33E-54	<9.64E-54
SLC12A4	0.624606	<5.33E-54	<9.64E-54
TMBIM1	0.624597	<5.33E-54	<9.64E-54
CYBB	0.624522	<5.33E-54	<9.64E-54
VDAC3	0.624092	<5.33E-54	<9.64E-54
POMGNT1	0.624083	<5.33E-54	<9.64E-54
YKT6	0.624021	<5.33E-54	<9.64E-54
HLCS	0.623934	<5.33E-54	<9.64E-54
TBC1D10A	0.623734	<5.33E-54	<9.64E-54
MSR1	0.623648	<5.33E-54	<9.64E-54
RCSD1	0.623495	<5.33E-54	<9.64E-54
MAPKAPK3	0.623331	<5.33E-54	<9.64E-54
WDR5	0.623137	<5.33E-54	<9.64E-54
ITIH3	0.623122	<5.33E-54	<9.64E-54
UHRF1BP1	0.623113	<5.33E-54	<9.64E-54
PGM2	0.623083	<5.33E-54	<9.64E-54
YWHAQ	0.623009	<5.33E-54	<9.64E-54
SCAMP4	0.622949	<5.33E-54	<9.64E-54
DUSP12	0.622883	<5.33E-54	<9.64E-54
LMNB1	0.622839	<5.33E-54	<9.64E-54
RAB32	0.622719	<5.33E-54	<9.64E-54
GEMIN5	0.622674	<5.33E-54	<9.64E-54
IRF2BP2	0.62265	<5.33E-54	<9.64E-54
MAP4K4	0.622624	<5.33E-54	<9.64E-54
PPP1R13B	0.622534	<5.33E-54	<9.64E-54
NKRF	0.622531	<5.33E-54	<9.64E-54
PLEKHA7	0.622244	<5.33E-54	<9.64E-54
FSCN1	0.622212	<5.33E-54	<9.64E-54
APPL2	0.622035	<5.33E-54	<9.64E-54
SLC35B2	0.621856	<5.33E-54	<9.64E-54
TGFB1	0.621761	<5.33E-54	<9.64E-54
MATN2	0.621743	<5.33E-54	<9.64E-54
CDC37	0.621728	<5.33E-54	<9.64E-54
SIK3	0.621626	<5.33E-54	<9.64E-54
FBLN5	0.621591	<5.33E-54	<9.64E-54
BOP1	0.621188	<5.33E-54	<9.64E-54
RDH5	0.621179	<5.33E-54	<9.64E-54
PLOD1	0.62111	<5.33E-54	<9.64E-54
NCK2	0.620898	<5.33E-54	<9.64E-54
TMEM176B	0.62062	<5.33E-54	<9.64E-54
SCAF8	0.620528	<5.33E-54	<9.64E-54
RWDD4	0.620498	<5.33E-54	<9.64E-54
ARNT	0.620495	<5.33E-54	<9.64E-54
EIF2AK4	0.620474	<5.33E-54	<9.64E-54
MAP2K1	0.620456	<5.33E-54	<9.64E-54
UBE4B	0.620283	<5.33E-54	<9.64E-54
PRDX1	0.620235	<5.33E-54	<9.64E-54
CMPK1	0.62017	<5.33E-54	<9.64E-54
EIF4G3	0.620137	<5.33E-54	<9.64E-54
MYO5C	0.620101	<5.33E-54	<9.64E-54
GSTM4	0.620074	<5.33E-54	<9.64E-54
PSMD5	0.619987	<5.33E-54	<9.64E-54
HARS2	0.619964	<5.33E-54	<9.64E-54
ST13	0.619904	<5.33E-54	<9.64E-54
SESTD1	0.619737	<5.33E-54	<9.64E-54
CEBPA	0.619638	<5.33E-54	<9.64E-54
H1F0	0.619635	<5.33E-54	<9.64E-54
NUDT18	0.619528	<5.33E-54	<9.64E-54
LMAN1	0.619468	<5.33E-54	<9.64E-54
OXSM	0.619265	<5.33E-54	<9.64E-54
ESYT2	0.619232	<5.33E-54	<9.64E-54
SLC44A2	0.619077	<5.33E-54	<9.64E-54
UHRF2	0.619014	<5.33E-54	<9.64E-54
SAAL1	0.619008	<5.33E-54	<9.64E-54
EPS15	0.618949	<5.33E-54	<9.64E-54
TFB1M	0.618949	<5.33E-54	<9.64E-54
FHL1	0.618868	<5.33E-54	<9.64E-54
LANCL1	0.618746	<5.33E-54	<9.64E-54
SRA1	0.618746	<5.33E-54	<9.64E-54
PTPN11	0.618743	<5.33E-54	<9.64E-54
RDH13	0.618531	<5.33E-54	<9.64E-54
GTPBP4	0.61848	<5.33E-54	<9.64E-54
FUK	0.618453	<5.33E-54	<9.64E-54
NLRX1	0.618304	<5.33E-54	<9.64E-54
ACOX3	0.618226	<5.33E-54	<9.64E-54
ALG1	0.618119	<5.33E-54	<9.64E-54
PLAC9	0.618011	<5.33E-54	<9.64E-54
CAMK1	0.617901	<5.33E-54	<9.64E-54
UBAP2L	0.61751	4.35e-18	7.75e-18
HNRNPD	0.617411	<5.33E-54	<9.64E-54
FXN	0.617017	<5.33E-54	<9.64E-54
RRBP1	0.616677	<5.33E-54	<9.64E-54
HLA-DPA1	0.616596	<5.33E-54	<9.64E-54
SOD3	0.61642	<5.33E-54	<9.64E-54
BRI3BP	0.61636	<5.33E-54	<9.64E-54
SFXN5	0.616163	<5.33E-54	<9.64E-54
TTLL12	0.616044	<5.33E-54	<9.64E-54
AIG1	0.615918	<5.33E-54	<9.64E-54
WWP2	0.6159	<5.33E-54	<9.64E-54
HINT2	0.615781	<5.33E-54	<9.64E-54
ABLIM1	0.615748	<5.33E-54	<9.64E-54
PDCD11	0.615656	<5.33E-54	<9.64E-54
DPP3	0.615175	<5.33E-54	<9.64E-54
EDC4	0.615166	<5.33E-54	<9.64E-54
MAPK3	0.61516	<5.33E-54	<9.64E-54
CTNNAL1	0.615097	<5.33E-54	<9.64E-54
NHEJ1	0.614933	<5.33E-54	<9.64E-54
ABCF1	0.614817	<5.33E-54	<9.64E-54
HSPB1	0.61465	<5.33E-54	<9.64E-54
OLFML3	0.614557	<5.33E-54	<9.64E-54
CYP4F3	0.61447	<5.33E-54	<9.64E-54
SLC30A7	0.614408	<5.33E-54	<9.64E-54
ALDH16A1	0.614345	<5.33E-54	<9.64E-54
PELO	0.614046	<5.33E-54	<9.64E-54
MERTK	0.613984	<5.33E-54	<9.64E-54
APCS	0.61373	<5.33E-54	<9.64E-54
MMS19	0.613614	<5.33E-54	<9.64E-54
PDLIM4	0.613477	8.2e-18	1.46e-17
PQLC1	0.613378	<5.33E-54	<9.64E-54
PUF60	0.613282	<5.33E-54	<9.64E-54
PRKCI	0.612948	<5.33E-54	<9.64E-54
GLUL	0.612897	<5.33E-54	<9.64E-54
HDGF	0.612897	<5.33E-54	<9.64E-54
TXNDC5	0.612852	<5.33E-54	<9.64E-54
BAG1	0.612724	<5.33E-54	<9.64E-54
RAB4B	0.612682	<5.33E-54	<9.64E-54
ITCH	0.612628	<5.33E-54	<9.64E-54
ANP32A	0.612458	<5.33E-54	<9.64E-54
MROH1	0.612321	<5.33E-54	<9.64E-54
TRUB1	0.612285	<5.33E-54	<9.64E-54
AVL9	0.612193	<5.33E-54	<9.64E-54
FAM20C	0.612067	<5.33E-54	<9.64E-54
CTDSP1	0.612013	<5.33E-54	<9.64E-54
ECI1	0.611939	<5.33E-54	<9.64E-54
TUFM	0.611924	<5.33E-54	<9.64E-54
TMEM135	0.611879	<5.33E-54	<9.64E-54
FIP1L1	0.611876	<5.33E-54	<9.64E-54
GAPVD1	0.611658	<5.33E-54	<9.64E-54
BAG5	0.611595	<5.33E-54	<9.64E-54
PITRM1	0.611515	<5.33E-54	<9.64E-54
PLEKHG3	0.611479	<5.33E-54	<9.64E-54
CTSD	0.611336	<5.33E-54	<9.64E-54
C4BPB	0.611237	<5.33E-54	<9.64E-54
RAPGEF4	0.611195	<5.33E-54	<9.64E-54
SOAT1	0.611055	<5.33E-54	<9.64E-54
XPNPEP1	0.611022	<5.33E-54	<9.64E-54
PDPK1	0.611004	<5.33E-54	<9.64E-54
KANK2	0.610963	<5.33E-54	<9.64E-54
ARHGAP35	0.610885	<5.33E-54	<9.64E-54
KIF21A	0.610631	<5.33E-54	<9.64E-54
UMPS	0.610568	<5.33E-54	<9.64E-54
WDR43	0.610509	<5.33E-54	<9.64E-54
SHC1	0.610479	<5.33E-54	<9.64E-54
NOS3	0.610258	<5.33E-54	<9.64E-54
ADO	0.610162	<5.33E-54	<9.64E-54
JUP	0.610079	<5.33E-54	<9.64E-54
CTSF	0.610052	<5.33E-54	<9.64E-54
GAA	0.609974	<5.33E-54	<9.64E-54
IPO4	0.609921	<5.33E-54	<9.64E-54
ILF3	0.609434	<5.33E-54	<9.64E-54
IL6ST	0.60938	<5.33E-54	<9.64E-54
MTA1	0.609328	1.56e-17	2.77e-17
DES	0.609286	1.57e-17	2.79e-17
SPIN1	0.609249	<5.33E-54	<9.64E-54
CRYZL1	0.609129	<5.33E-54	<9.64E-54
DCTPP1	0.609094	<5.33E-54	<9.64E-54
PGPEP1	0.609043	<5.33E-54	<9.64E-54
FUCA1	0.608882	<5.33E-54	<9.64E-54
UBE2G1	0.608786	<5.33E-54	<9.64E-54
CASP3	0.608729	<5.33E-54	<9.64E-54
SLC30A9	0.608694	<5.33E-54	<9.64E-54
PPFIBP1	0.608688	<5.33E-54	<9.64E-54
IBTK	0.608556	<5.33E-54	<9.64E-54
TEX10	0.608508	<5.33E-54	<9.64E-54
ADAR	0.608413	<5.33E-54	<9.64E-54
RNGTT	0.60824	<5.33E-54	<9.64E-54
PRKACB	0.608207	<5.33E-54	<9.64E-54
VAMP8	0.608159	<5.33E-54	<9.64E-54
SLC43A2	0.608082	<5.33E-54	<9.64E-54
TBC1D10B	0.608079	<5.33E-54	<9.64E-54
ETFA	0.608061	<5.33E-54	<9.64E-54
PKN1	0.607917	<5.33E-54	<9.64E-54
MICALL1	0.607902	<5.33E-54	<9.64E-54
SPHK2	0.607893	<5.33E-54	<9.64E-54
YBEY	0.607825	<5.33E-54	<9.64E-54
STK38	0.607741	<5.33E-54	<9.64E-54
UBQLN4	0.607664	<5.33E-54	<9.64E-54
ALCAM	0.607583	<5.33E-54	<9.64E-54
APLP2	0.607359	<5.33E-54	<9.64E-54
SSB	0.607237	<5.33E-54	<9.64E-54
AKT2	0.607189	<5.33E-54	<9.64E-54
LAMB1	0.607096	<5.33E-54	<9.64E-54
CACFD1	0.607046	<5.33E-54	<9.64E-54
UBE2R2	0.606938	<5.33E-54	<9.64E-54
AMPD3	0.60692	<5.33E-54	<9.64E-54
RBM26	0.606872	<5.33E-54	<9.64E-54
LRRC57	0.606834	<5.33E-54	<9.64E-54
DLD	0.606753	<5.33E-54	<9.64E-54
MAN1B1	0.606666	<5.33E-54	<9.64E-54
EEFSEC	0.606619	<5.33E-54	<9.64E-54
PGM2L1	0.606404	<5.33E-54	<9.64E-54
KIAA1522	0.606338	<5.33E-54	<9.64E-54
PLCG2	0.606311	<5.33E-54	<9.64E-54
EFHD1	0.606171	<5.33E-54	<9.64E-54
LZIC	0.605941	<5.33E-54	<9.64E-54
PIK3CD	0.605705	<5.33E-54	<9.64E-54
MAN2B2	0.605386	<5.33E-54	<9.64E-54
LCN2	0.605284	<5.33E-54	<9.64E-54
VWF	0.605195	<5.33E-54	<9.64E-54
RIPK1	0.605171	<5.33E-54	<9.64E-54
SLAIN2	0.605039	<5.33E-54	<9.64E-54
UFM1	0.604992	<5.33E-54	<9.64E-54
TSPAN33	0.60489	<5.33E-54	<9.64E-54
KIF1C	0.604675	<5.33E-54	<9.64E-54
MAP4K5	0.604627	<5.33E-54	<9.64E-54
PYGL	0.604627	<5.33E-54	<9.64E-54
TTC27	0.604627	<5.33E-54	<9.64E-54
SLC43A1	0.604457	<5.33E-54	<9.64E-54
SMPD1	0.604439	<5.33E-54	<9.64E-54
QPCTL	0.604329	<5.33E-54	<9.64E-54
EPM2A	0.604266	<5.33E-54	<9.64E-54
NIT1	0.604245	<5.33E-54	<9.64E-54
VARS	0.604183	<5.33E-54	<9.64E-54
TMEM33	0.604138	<5.33E-54	<9.64E-54
OMA1	0.604105	<5.33E-54	<9.64E-54
PDXK	0.604009	<5.33E-54	<9.64E-54
MMP9	0.603992	<5.33E-54	<9.64E-54
SLC12A7	0.603965	<5.33E-54	<9.64E-54
UROD	0.603908	<5.33E-54	<9.64E-54
HDHD3	0.603606	<5.33E-54	<9.64E-54
MASP1	0.603571	<5.33E-54	<9.64E-54
CD46	0.603344	<5.33E-54	<9.64E-54
FAM96A	0.603293	<5.33E-54	<9.64E-54
OLA1	0.603284	<5.33E-54	<9.64E-54
NUDT16	0.603272	<5.33E-54	<9.64E-54
WARS2	0.603224	<5.33E-54	<9.64E-54
DCAF13	0.603111	<5.33E-54	<9.64E-54
PEPD	0.603078	<5.33E-54	<9.64E-54
LRRFIP1	0.602881	<5.33E-54	<9.64E-54
YLPM1	0.60286	<5.33E-54	<9.64E-54
PDZD8	0.602839	<5.33E-54	<9.64E-54
MASP2	0.602833	<5.33E-54	<9.64E-54
DPP7	0.602618	<5.33E-54	<9.64E-54
TSR1	0.602433	<5.33E-54	<9.64E-54
PAPSS1	0.602314	<5.33E-54	<9.64E-54
TBC1D8B	0.602242	<5.33E-54	<9.64E-54
GRIPAP1	0.602225	4.58e-17	8.15e-17
PARP2	0.602009	<5.33E-54	<9.64E-54
RILPL1	0.601988	<5.33E-54	<9.64E-54
PTPN12	0.601973	<5.33E-54	<9.64E-54
SCRIB	0.601827	<5.33E-54	<9.64E-54
CYP1A2	0.601788	<5.33E-54	<9.64E-54
SERPIND1	0.601567	<5.33E-54	<9.64E-54
DNAJC5	0.601415	<5.33E-54	<9.64E-54
SNX8	0.601355	<5.33E-54	<9.64E-54
STAU1	0.601355	<5.33E-54	<9.64E-54
PLBD1	0.601343	<5.33E-54	<9.64E-54
AHCYL2	0.601281	<5.33E-54	<9.64E-54
CCM2	0.601233	<5.33E-54	<9.64E-54
NIPSNAP1	0.601212	<5.33E-54	<9.64E-54
OXR1	0.601146	<5.33E-54	<9.64E-54
DHX36	0.601012	<5.33E-54	<9.64E-54
GTF3C4	0.600946	<5.33E-54	<9.64E-54
MVB12B	0.600869	<5.33E-54	<9.64E-54
APOB	0.600779	<5.33E-54	<9.64E-54
PLTP	0.600737	<5.33E-54	<9.64E-54
DKC1	0.600651	<5.33E-54	<9.64E-54
SNX27	0.600609	<5.33E-54	<9.64E-54
CPNE8	0.60046	<5.33E-54	<9.64E-54
SEC24C	0.600069	<5.33E-54	<9.64E-54
CMC4	0.599943	<5.33E-54	<9.64E-54
PES1	0.599912	6.47e-17	1.15e-16
ITGA3	0.599875	<5.33E-54	<9.64E-54
PEX5	0.599866	<5.33E-54	<9.64E-54
AKR7A2	0.599821	<5.33E-54	<9.64E-54
SUN1	0.599806	<5.33E-54	<9.64E-54
DNAJA1	0.59943	<5.33E-54	<9.64E-54
GNL3	0.599427	<5.33E-54	<9.64E-54
CPN1	0.599373	<5.33E-54	<9.64E-54
TCEAL4	0.599227	<5.33E-54	<9.64E-54
CPOX	0.599179	<5.33E-54	<9.64E-54
FCGR2B	0.599036	<5.33E-54	<9.64E-54
SMS	0.59903	<5.33E-54	<9.64E-54
BCCIP	0.598818	<5.33E-54	<9.64E-54
ARHGEF6	0.598722	<5.33E-54	<9.64E-54
NFXL1	0.598642	<5.33E-54	<9.64E-54
USP47	0.598624	<5.33E-54	<9.64E-54
TP53BP2	0.598564	<5.33E-54	<9.64E-54
TANC1	0.5984	<5.33E-54	<9.64E-54
SLC30A1	0.598394	<5.33E-54	<9.64E-54
CCDC88A	0.598376	<5.33E-54	<9.64E-54
ERCC4	0.598325	<5.33E-54	<9.64E-54
PRC1	0.59828	<5.33E-54	<9.64E-54
MTMR10	0.59823	<5.33E-54	<9.64E-54
ZMYM2	0.598203	<5.33E-54	<9.64E-54
PRF1	0.598128	<5.33E-54	<9.64E-54
MTAP	0.598086	<5.33E-54	<9.64E-54
SMARCA2	0.598033	<5.33E-54	<9.64E-54
APOC1	0.597997	<5.33E-54	<9.64E-54
OARD1	0.597937	<5.33E-54	<9.64E-54
NRBP2	0.59788	<5.33E-54	<9.64E-54
CST3	0.597788	<5.33E-54	<9.64E-54
MARK2	0.597692	<5.33E-54	<9.64E-54
RRP9	0.597686	<5.33E-54	<9.64E-54
ZYX	0.59763	<5.33E-54	<9.64E-54
TAGLN2	0.597588	<5.33E-54	<9.64E-54
MAP7D1	0.597453	<5.33E-54	<9.64E-54
SMIM12	0.597233	<5.33E-54	<9.64E-54
ATAD1	0.597209	<5.33E-54	<9.64E-54
ABCC9	0.5972	<5.33E-54	<9.64E-54
GUF1	0.597173	<5.33E-54	<9.64E-54
PSME2	0.597134	<5.33E-54	<9.64E-54
OGN	0.59701	9.95e-17	1.77e-16
CSTB	0.596994	<5.33E-54	<9.64E-54
PIN4	0.59688	<5.33E-54	<9.64E-54
UBE2O	0.596829	<5.33E-54	<9.64E-54
H2AFY	0.596713	<5.33E-54	<9.64E-54
BCAP29	0.596662	<5.33E-54	<9.64E-54
C1orf35	0.596606	<5.33E-54	<9.64E-54
CAST	0.596606	<5.33E-54	<9.64E-54
SERPINC1	0.596489	<5.33E-54	<9.64E-54
HCCS	0.596432	<5.33E-54	<9.64E-54
WDR70	0.596322	<5.33E-54	<9.64E-54
CDKAL1	0.596301	<5.33E-54	<9.64E-54
GLYCTK	0.596274	<5.33E-54	<9.64E-54
PTER	0.596194	<5.33E-54	<9.64E-54
C1R	0.595958	<5.33E-54	<9.64E-54
RARS2	0.595752	<5.33E-54	<9.64E-54
RCN2	0.595447	<5.33E-54	<9.64E-54
ARL3	0.595304	<5.33E-54	<9.64E-54
SPR	0.595298	<5.33E-54	<9.64E-54
SIRT3	0.595232	<5.33E-54	<9.64E-54
PMVK	0.595107	<5.33E-54	<9.64E-54
LYRM1	0.595062	<5.33E-54	<9.64E-54
VPS35	0.595035	<5.33E-54	<9.64E-54
WDR26	0.594928	<5.33E-54	<9.64E-54
HINT3	0.594898	<5.33E-54	<9.64E-54
DBI	0.594755	<5.33E-54	<9.64E-54
PEX3	0.594653	<5.33E-54	<9.64E-54
PLIN3	0.594572	<5.33E-54	<9.64E-54
ECH1	0.594453	<5.33E-54	<9.64E-54
PTMA	0.594369	<5.33E-54	<9.64E-54
RAB31	0.594358	<5.33E-54	<9.64E-54
PLCB3	0.594277	<5.33E-54	<9.64E-54
PPIL1	0.594259	<5.33E-54	<9.64E-54
DNMBP	0.594205	<5.33E-54	<9.64E-54
BET1L	0.594181	<5.33E-54	<9.64E-54
ISCA2	0.594152	<5.33E-54	<9.64E-54
NOL7	0.59414	<5.33E-54	<9.64E-54
CYFIP2	0.594128	<5.33E-54	<9.64E-54
MICAL3	0.594116	<5.33E-54	<9.64E-54
ALG9	0.594086	<5.33E-54	<9.64E-54
PAPOLA	0.593928	<5.33E-54	<9.64E-54
SURF1	0.593713	<5.33E-54	<9.64E-54
FYCO1	0.593671	<5.33E-54	<9.64E-54
PRAF2	0.593665	<5.33E-54	<9.64E-54
CLCN3	0.593557	<5.33E-54	<9.64E-54
SMYD5	0.593468	<5.33E-54	<9.64E-54
UBAC2	0.59331	<5.33E-54	<9.64E-54
HEXA	0.59328	<5.33E-54	<9.64E-54
ARRB2	0.593226	<5.33E-54	<9.64E-54
VKORC1	0.593101	<5.33E-54	<9.64E-54
CTPS1	0.593005	<5.33E-54	<9.64E-54
GMIP	0.592811	<5.33E-54	<9.64E-54
NPC1	0.592638	<5.33E-54	<9.64E-54
THOP1	0.592539	<5.33E-54	<9.64E-54
ABHD16A	0.592513	<5.33E-54	<9.64E-54
PROC	0.592501	<5.33E-54	<9.64E-54
STIP1	0.592453	<5.33E-54	<9.64E-54
ANXA1	0.592429	<5.33E-54	<9.64E-54
BCL2L1	0.592408	<5.33E-54	<9.64E-54
ARFGAP3	0.592327	<5.33E-54	<9.64E-54
MGST2	0.591617	<5.33E-54	<9.64E-54
APRT	0.591572	<5.33E-54	<9.64E-54
TPM4	0.591554	<5.33E-54	<9.64E-54
PTPN6	0.5913	<5.33E-54	<9.64E-54
DNASE2	0.591124	<5.33E-54	<9.64E-54
MX2	0.591077	<5.33E-54	<9.64E-54
TPM1	0.590954	<5.33E-54	<9.64E-54
PRPF3	0.590796	<5.33E-54	<9.64E-54
KCTD3	0.59022	<5.33E-54	<9.64E-54
TIMM21	0.59022	<5.33E-54	<9.64E-54
TYK2	0.590061	<5.33E-54	<9.64E-54
SMAP1	0.590002	<5.33E-54	<9.64E-54
REEP3	0.58996	<5.33E-54	<9.64E-54
CHMP1B	0.5899	<5.33E-54	<9.64E-54
ACTN1	0.589808	<5.33E-54	<9.64E-54
CTSB	0.589503	<5.33E-54	<9.64E-54
ABCD3	0.589423	<5.33E-54	<9.64E-54
RWDD2B	0.589378	<5.33E-54	<9.64E-54
NSUN2	0.589267	<5.33E-54	<9.64E-54
ZMYM3	0.589258	<5.33E-54	<9.64E-54
YTHDC2	0.589079	<5.33E-54	<9.64E-54
FAM120B	0.589076	<5.33E-54	<9.64E-54
THEMIS2	0.588996	<5.33E-54	<9.64E-54
LRRC40	0.588861	<5.33E-54	<9.64E-54
ELAVL1	0.58879	<5.33E-54	<9.64E-54
VAC14	0.588721	<5.33E-54	<9.64E-54
DOCK9	0.588685	<5.33E-54	<9.64E-54
MARK3	0.58867	<5.33E-54	<9.64E-54
SFXN3	0.58853	<5.33E-54	<9.64E-54
LIMD1	0.588494	<5.33E-54	<9.64E-54
DCAKD	0.588485	<5.33E-54	<9.64E-54
MAGI3	0.588467	<5.33E-54	<9.64E-54
N4BP1	0.588455	<5.33E-54	<9.64E-54
PREB	0.588294	<5.33E-54	<9.64E-54
PHKA1	0.588282	<5.33E-54	<9.64E-54
VPS13D	0.588169	<5.33E-54	<9.64E-54
TTC13	0.588094	<5.33E-54	<9.64E-54
SDCBP	0.588079	<5.33E-54	<9.64E-54
DNAJB11	0.588031	<5.33E-54	<9.64E-54
MTO1	0.5879	<5.33E-54	<9.64E-54
NSF	0.587855	<5.33E-54	<9.64E-54
DIS3	0.587679	<5.33E-54	<9.64E-54
LSM14B	0.587646	<5.33E-54	<9.64E-54
ATRN	0.587587	<5.33E-54	<9.64E-54
ERP29	0.587527	<5.33E-54	<9.64E-54
KLHDC4	0.587434	<5.33E-54	<9.64E-54
SLC25A30	0.587434	<5.33E-54	<9.64E-54
SLC25A19	0.587428	<5.33E-54	<9.64E-54
SLC16A1	0.58736	<5.33E-54	<9.64E-54
TRIP6	0.58736	<5.33E-54	<9.64E-54
DHCR24	0.587336	<5.33E-54	<9.64E-54
CD81	0.587246	<5.33E-54	<9.64E-54
KIAA2013	0.58721	<5.33E-54	<9.64E-54
GOLIM4	0.587133	<5.33E-54	<9.64E-54
GLT8D1	0.586915	<5.33E-54	<9.64E-54
KIF3A	0.586879	<5.33E-54	<9.64E-54
C2	0.586852	<5.33E-54	<9.64E-54
SMAP2	0.586849	<5.33E-54	<9.64E-54
GGCX	0.586742	<5.33E-54	<9.64E-54
CEP170	0.586739	<5.33E-54	<9.64E-54
UBE2I	0.586706	<5.33E-54	<9.64E-54
GAK	0.586607	<5.33E-54	<9.64E-54
RANBP3	0.586404	<5.33E-54	<9.64E-54
TBC1D5	0.58624	<5.33E-54	<9.64E-54
DNAJC8	0.586216	<5.33E-54	<9.64E-54
HNRNPA3	0.586166	<5.33E-54	<9.64E-54
P4HA2	0.586163	<5.33E-54	<9.64E-54
PTPRG	0.586133	<5.33E-54	<9.64E-54
EML3	0.586076	<5.33E-54	<9.64E-54
SLC9A3R1	0.585918	<5.33E-54	<9.64E-54
NFS1	0.585806	5.02e-16	8.92e-16
SDAD1	0.585754	<5.33E-54	<9.64E-54
ZNF318	0.585733	<5.33E-54	<9.64E-54
AADAT	0.585682	<5.33E-54	<9.64E-54
SNX33	0.585512	<5.33E-54	<9.64E-54
FUBP1	0.585464	<5.33E-54	<9.64E-54
PDGFRB	0.585315	<5.33E-54	<9.64E-54
NUMA1	0.585246	<5.33E-54	<9.64E-54
TNKS1BP1	0.585246	<5.33E-54	<9.64E-54
CDKN1B	0.584983	<5.33E-54	<9.64E-54
PAPLN	0.584888	<5.33E-54	<9.64E-54
CUL7	0.58475	<5.33E-54	<9.64E-54
PACS1	0.584727	<5.33E-54	<9.64E-54
SUB1	0.584688	<5.33E-54	<9.64E-54
GNPAT	0.584673	<5.33E-54	<9.64E-54
SPATA20	0.584661	<5.33E-54	<9.64E-54
DIMT1	0.58441	<5.33E-54	<9.64E-54
SMYD3	0.584132	<5.33E-54	<9.64E-54
SLC41A3	0.584058	<5.33E-54	<9.64E-54
FKBP5	0.583864	<5.33E-54	<9.64E-54
RAB9A	0.583783	<5.33E-54	<9.64E-54
SLC2A3	0.583729	<5.33E-54	<9.64E-54
ERGIC2	0.583717	<5.33E-54	<9.64E-54
UBXN6	0.583634	<5.33E-54	<9.64E-54
TFAM	0.583625	<5.33E-54	<9.64E-54
GRSF1	0.583553	<5.33E-54	<9.64E-54
VPS37B	0.583553	<5.33E-54	<9.64E-54
OVCA2	0.583511	<5.33E-54	<9.64E-54
RBM12	0.583497	<5.33E-54	<9.64E-54
ALOX5AP	0.583361	7.09e-16	1.26e-15
PALM	0.583317	<5.33E-54	<9.64E-54
CASP8	0.582962	<5.33E-54	<9.64E-54
CLIC2	0.582932	<5.33E-54	<9.64E-54
CBL	0.582867	<5.33E-54	<9.64E-54
UBE2M	0.582511	<5.33E-54	<9.64E-54
THNSL2	0.582341	<5.33E-54	<9.64E-54
SRBD1	0.582335	<5.33E-54	<9.64E-54
RNF14	0.582281	<5.33E-54	<9.64E-54
PGP	0.582267	<5.33E-54	<9.64E-54
ACLY	0.582246	<5.33E-54	<9.64E-54
TRAM2	0.582204	<5.33E-54	<9.64E-54
CYBA	0.581861	<5.33E-54	<9.64E-54
PIK3C2B	0.58184	<5.33E-54	<9.64E-54
PDLIM7	0.581813	<5.33E-54	<9.64E-54
FCGRT	0.581798	<5.33E-54	<9.64E-54
ATG7	0.581756	<5.33E-54	<9.64E-54
HDAC1	0.581649	<5.33E-54	<9.64E-54
SGCD	0.581646	9.01e-16	1.6e-15
C2orf69	0.581604	<5.33E-54	<9.64E-54
CDS2	0.581487	<5.33E-54	<9.64E-54
EOGT	0.581368	<5.33E-54	<9.64E-54
RAB3IP	0.581359	<5.33E-54	<9.64E-54
PSMF1	0.581329	<5.33E-54	<9.64E-54
ABCB7	0.581323	<5.33E-54	<9.64E-54
BPNT1	0.581308	<5.33E-54	<9.64E-54
REEP4	0.581231	<5.33E-54	<9.64E-54
OTUB1	0.580935	<5.33E-54	<9.64E-54
ACP6	0.58086	<5.33E-54	<9.64E-54
CCDC86	0.580789	<5.33E-54	<9.64E-54
DYNLL2	0.580732	<5.33E-54	<9.64E-54
UBTF	0.580702	<5.33E-54	<9.64E-54
ZFYVE1	0.580419	<5.33E-54	<9.64E-54
SUCLA2	0.580383	<5.33E-54	<9.64E-54
CCPG1	0.580248	<5.33E-54	<9.64E-54
LYPLA1	0.58018	<5.33E-54	<9.64E-54
C1orf50	0.580075	<5.33E-54	<9.64E-54
TIMM8A	0.580016	<5.33E-54	<9.64E-54
TOP2B	0.579956	<5.33E-54	<9.64E-54
HPN	0.579792	<5.33E-54	<9.64E-54
AIFM2	0.579753	<5.33E-54	<9.64E-54
HDHD2	0.579726	<5.33E-54	<9.64E-54
GLOD4	0.579478	<5.33E-54	<9.64E-54
VTA1	0.579463	<5.33E-54	<9.64E-54
USP48	0.579424	<5.33E-54	<9.64E-54
CD99L2	0.579383	<5.33E-54	<9.64E-54
HNRNPUL2	0.579326	<5.33E-54	<9.64E-54
SAR1A	0.579284	<5.33E-54	<9.64E-54
MLKL	0.579236	<5.33E-54	<9.64E-54
PPP2R5E	0.579093	<5.33E-54	<9.64E-54
FMOD	0.578992	<5.33E-54	<9.64E-54
CLIC4	0.578971	<5.33E-54	<9.64E-54
STX6	0.578968	<5.33E-54	<9.64E-54
RAB13	0.578899	<5.33E-54	<9.64E-54
BTF3L4	0.578762	<5.33E-54	<9.64E-54
NUBP2	0.578735	<5.33E-54	<9.64E-54
TGFBI	0.578732	<5.33E-54	<9.64E-54
GLRX3	0.578535	<5.33E-54	<9.64E-54
ACYP1	0.578517	<5.33E-54	<9.64E-54
TRAM1	0.578505	<5.33E-54	<9.64E-54
MTDH	0.578502	<5.33E-54	<9.64E-54
PITPNB	0.578478	<5.33E-54	<9.64E-54
MYL9	0.578457	<5.33E-54	<9.64E-54
RXRA	0.578442	<5.33E-54	<9.64E-54
CMAS	0.578171	<5.33E-54	<9.64E-54
LYSMD2	0.578087	<5.33E-54	<9.64E-54
ATXN3	0.578027	<5.33E-54	<9.64E-54
LIME1	0.578003	<5.33E-54	<9.64E-54
HARS	0.577854	<5.33E-54	<9.64E-54
DHX15	0.577779	<5.33E-54	<9.64E-54
FGFR1OP	0.577779	<5.33E-54	<9.64E-54
ILVBL	0.577594	<5.33E-54	<9.64E-54
EVL	0.57757	<5.33E-54	<9.64E-54
THTPA	0.577564	<5.33E-54	<9.64E-54
CYP3A5	0.577463	<5.33E-54	<9.64E-54
FBXO21	0.577457	<5.33E-54	<9.64E-54
PLD1	0.577391	<5.33E-54	<9.64E-54
TMX4	0.577341	<5.33E-54	<9.64E-54
UFC1	0.577329	<5.33E-54	<9.64E-54
FASTKD5	0.577299	<5.33E-54	<9.64E-54
EHD4	0.577269	<5.33E-54	<9.64E-54
ERBB3	0.577003	<5.33E-54	<9.64E-54
FNBP1	0.576866	<5.33E-54	<9.64E-54
PSME4	0.5768	<5.33E-54	<9.64E-54
IKBKB	0.57663	<5.33E-54	<9.64E-54
GALE	0.576167	<5.33E-54	<9.64E-54
TRNT1	0.576126	<5.33E-54	<9.64E-54
SLC38A7	0.575994	<5.33E-54	<9.64E-54
ATE1	0.575821	<5.33E-54	<9.64E-54
UBAP1	0.575779	<5.33E-54	<9.64E-54
C6orf47	0.575767	<5.33E-54	<9.64E-54
PHYKPL	0.575731	<5.33E-54	<9.64E-54
STK16	0.575633	<5.33E-54	<9.64E-54
TMED8	0.575597	<5.33E-54	<9.64E-54
ABCA1	0.575481	<5.33E-54	<9.64E-54
NUDT8	0.575376	<5.33E-54	<9.64E-54
SCYL3	0.575164	<5.33E-54	<9.64E-54
RBBP7	0.575125	<5.33E-54	<9.64E-54
MAN2A1	0.57497	<5.33E-54	<9.64E-54
CWC22	0.574955	<5.33E-54	<9.64E-54
DR1	0.574782	<5.33E-54	<9.64E-54
RALA	0.57477	<5.33E-54	<9.64E-54
PPP6R3	0.574731	<5.33E-54	<9.64E-54
CAMSAP3	0.574507	<5.33E-54	<9.64E-54
JAK1	0.574445	<5.33E-54	<9.64E-54
PPP3CB	0.574445	<5.33E-54	<9.64E-54
MYOF	0.574439	<5.33E-54	<9.64E-54
SLC25A32	0.574406	<5.33E-54	<9.64E-54
WWOX	0.5744	<5.33E-54	<9.64E-54
DEGS1	0.574242	<5.33E-54	<9.64E-54
TXNIP	0.574158	<5.33E-54	<9.64E-54
CMSS1	0.574086	<5.33E-54	<9.64E-54
PFN1	0.57383	<5.33E-54	<9.64E-54
LCMT1	0.573737	<5.33E-54	<9.64E-54
OSBPL1A	0.573707	<5.33E-54	<9.64E-54
GART	0.573621	<5.33E-54	<9.64E-54
EIF4E	0.573534	<5.33E-54	<9.64E-54
ANKS1A	0.573495	<5.33E-54	<9.64E-54
ENSA	0.573463	<5.33E-54	<9.64E-54
ITGAV	0.573439	<5.33E-54	<9.64E-54
CSE1L	0.573382	<5.33E-54	<9.64E-54
GRB14	0.573325	<5.33E-54	<9.64E-54
ERCC5	0.573268	<5.33E-54	<9.64E-54
HFE	0.573077	<5.33E-54	<9.64E-54
CANT1	0.573068	<5.33E-54	<9.64E-54
POLR1C	0.573045	<5.33E-54	<9.64E-54
RAB23	0.572985	<5.33E-54	<9.64E-54
AFMID	0.572952	<5.33E-54	<9.64E-54
SERPING1	0.572931	<5.33E-54	<9.64E-54
MMACHC	0.57291	<5.33E-54	<9.64E-54
GOLGA1	0.57277	<5.33E-54	<9.64E-54
TARSL2	0.572689	<5.33E-54	<9.64E-54
NAA16	0.572471	<5.33E-54	<9.64E-54
SLC38A10	0.5724	<5.33E-54	<9.64E-54
FBXO7	0.572394	<5.33E-54	<9.64E-54
HVCN1	0.572328	<5.33E-54	<9.64E-54
SAA4	0.572152	<5.33E-54	<9.64E-54
GGT7	0.572146	<5.33E-54	<9.64E-54
TMEM141	0.572074	<5.33E-54	<9.64E-54
OGFR	0.572009	<5.33E-54	<9.64E-54
SNX29	0.572003	<5.33E-54	<9.64E-54
IQGAP1	0.571991	<5.33E-54	<9.64E-54
GCK	0.571989	3.4e-15	6.03e-15
SLC39A7	0.571856	<5.33E-54	<9.64E-54
NAP1L4	0.571853	<5.33E-54	<9.64E-54
AAK1	0.571818	<5.33E-54	<9.64E-54
UBE2J1	0.571623	<5.33E-54	<9.64E-54
PARP14	0.571543	<5.33E-54	<9.64E-54
CBX1	0.571522	<5.33E-54	<9.64E-54
MMAB	0.571522	<5.33E-54	<9.64E-54
SNX3	0.571492	<5.33E-54	<9.64E-54
SMN2	0.571301	<5.33E-54	<9.64E-54
PALLD	0.571247	<5.33E-54	<9.64E-54
SLC44A1	0.571179	<5.33E-54	<9.64E-54
NUP155	0.57117	<5.33E-54	<9.64E-54
PGAM1	0.571161	<5.33E-54	<9.64E-54
GDI1	0.571074	<5.33E-54	<9.64E-54
MINPP1	0.570961	<5.33E-54	<9.64E-54
THADA	0.570943	<5.33E-54	<9.64E-54
PCMTD1	0.570874	<5.33E-54	<9.64E-54
IGSF8	0.570832	<5.33E-54	<9.64E-54
DNAJB12	0.570585	<5.33E-54	<9.64E-54
ZNF512B	0.570585	<5.33E-54	<9.64E-54
RNASEH2A	0.570516	<5.33E-54	<9.64E-54
MAPK9	0.570414	<5.33E-54	<9.64E-54
CSNK2A2	0.570217	<5.33E-54	<9.64E-54
EMD	0.57011	<5.33E-54	<9.64E-54
MAK16	0.57011	<5.33E-54	<9.64E-54
APH1A	0.56994	<5.33E-54	<9.64E-54
SDHB	0.569871	<5.33E-54	<9.64E-54
KRI1	0.569862	<5.33E-54	<9.64E-54
NAT10	0.569749	<5.33E-54	<9.64E-54
SMIM20	0.56974	<5.33E-54	<9.64E-54
HK1	0.569695	<5.33E-54	<9.64E-54
CNP	0.569626	<5.33E-54	<9.64E-54
GLA	0.569584	<5.33E-54	<9.64E-54
SCARB1	0.569426	<5.33E-54	<9.64E-54
GHDC	0.56934	<5.33E-54	<9.64E-54
HNRNPA0	0.569319	<5.33E-54	<9.64E-54
RALB	0.569247	<5.33E-54	<9.64E-54
SNTB2	0.569178	<5.33E-54	<9.64E-54
ARHGEF11	0.569071	<5.33E-54	<9.64E-54
ARMC6	0.569053	<5.33E-54	<9.64E-54
PGK1	0.569038	<5.33E-54	<9.64E-54
RFK	0.568993	<5.33E-54	<9.64E-54
SNX15	0.568966	<5.33E-54	<9.64E-54
ASF1A	0.568889	<5.33E-54	<9.64E-54
PNPLA6	0.568865	<5.33E-54	<9.64E-54
TRMT61B	0.568647	<5.33E-54	<9.64E-54
REEP5	0.568572	<5.33E-54	<9.64E-54
SCAF4	0.568417	<5.33E-54	<9.64E-54
CLTA	0.568313	<5.33E-54	<9.64E-54
FBXO3	0.568283	<5.33E-54	<9.64E-54
NOTCH2	0.568145	<5.33E-54	<9.64E-54
ITSN1	0.568125	<5.33E-54	<9.64E-54
HSD17B8	0.568107	<5.33E-54	<9.64E-54
CLCC1	0.568071	<5.33E-54	<9.64E-54
IRF3	0.568056	<5.33E-54	<9.64E-54
UNG	0.568035	<5.33E-54	<9.64E-54
ABCA2	0.567647	<5.33E-54	<9.64E-54
PRKAR2B	0.567498	<5.33E-54	<9.64E-54
TFEB	0.567411	<5.33E-54	<9.64E-54
TFB2M	0.567256	<5.33E-54	<9.64E-54
WDR1	0.567211	<5.33E-54	<9.64E-54
C6orf203	0.567151	<5.33E-54	<9.64E-54
PDSS2	0.566945	<5.33E-54	<9.64E-54
RCOR3	0.566918	<5.33E-54	<9.64E-54
PKN2	0.566844	<5.33E-54	<9.64E-54
ARID1A	0.566775	<5.33E-54	<9.64E-54
NEDD4L	0.566748	<5.33E-54	<9.64E-54
SERPINA6	0.56653	<5.33E-54	<9.64E-54
TAF4	0.566521	<5.33E-54	<9.64E-54
RAB12	0.566483	<5.33E-54	<9.64E-54
VIPAS39	0.566363	<5.33E-54	<9.64E-54
PLA2G4A	0.566309	<5.33E-54	<9.64E-54
NSUN5	0.566244	<5.33E-54	<9.64E-54
DDX10	0.566017	<5.33E-54	<9.64E-54
CTSA	0.565981	<5.33E-54	<9.64E-54
CRK	0.565957	<5.33E-54	<9.64E-54
C1orf123	0.56576	<5.33E-54	<9.64E-54
PDSS1	0.565674	<5.33E-54	<9.64E-54
AKAP1	0.565494	<5.33E-54	<9.64E-54
TIPRL	0.56545	<5.33E-54	<9.64E-54
TMEM173	0.564951	<5.33E-54	<9.64E-54
TRAPPC3	0.564784	<5.33E-54	<9.64E-54
PELP1	0.56456	<5.33E-54	<9.64E-54
PIK3CB	0.564551	<5.33E-54	<9.64E-54
HSPA1B	0.564533	<5.33E-54	<9.64E-54
AK2	0.564476	<5.33E-54	<9.64E-54
SDHA	0.564441	<5.33E-54	<9.64E-54
ANKRD17	0.564414	<5.33E-54	<9.64E-54
GFM1	0.564309	<5.33E-54	<9.64E-54
MDH2	0.564303	<5.33E-54	<9.64E-54
GNA11	0.564058	<5.33E-54	<9.64E-54
TPRG1L	0.563757	<5.33E-54	<9.64E-54
TSR2	0.563661	<5.33E-54	<9.64E-54
XRCC6	0.563649	<5.33E-54	<9.64E-54
UBA6	0.563608	<5.33E-54	<9.64E-54
HSPA13	0.563554	<5.33E-54	<9.64E-54
LSM12	0.563512	<5.33E-54	<9.64E-54
MDN1	0.563342	<5.33E-54	<9.64E-54
NIPBL	0.563324	<5.33E-54	<9.64E-54
NOP2	0.563264	<5.33E-54	<9.64E-54
SNX1	0.563112	<5.33E-54	<9.64E-54
HOOK1	0.562906	<5.33E-54	<9.64E-54
ZMYND8	0.562742	<5.33E-54	<9.64E-54
SNIP1	0.562709	<5.33E-54	<9.64E-54
CTDP1	0.562545	<5.33E-54	<9.64E-54
EIF4G2	0.562536	<5.33E-54	<9.64E-54
LLGL1	0.562491	<5.33E-54	<9.64E-54
CHMP4B	0.562431	<5.33E-54	<9.64E-54
EXD2	0.562237	<5.33E-54	<9.64E-54
CAPN1	0.562175	<5.33E-54	<9.64E-54
ENOPH1	0.562001	<5.33E-54	<9.64E-54
UNC13D	0.561867	<5.33E-54	<9.64E-54
HIF1AN	0.56176	<5.33E-54	<9.64E-54
XPO4	0.561735	1.33e-14	2.35e-14
PCYOX1	0.561658	<5.33E-54	<9.64E-54
SLC25A11	0.561536	<5.33E-54	<9.64E-54
SGPP1	0.561506	<5.33E-54	<9.64E-54
NEO1	0.561473	<5.33E-54	<9.64E-54
C1QB	0.56136	<5.33E-54	<9.64E-54
DPY19L4	0.561345	<5.33E-54	<9.64E-54
L2HGDH	0.561306	<5.33E-54	<9.64E-54
PARG	0.561276	<5.33E-54	<9.64E-54
YARS2	0.561174	<5.33E-54	<9.64E-54
SRSF9	0.560968	<5.33E-54	<9.64E-54
MCU	0.560867	<5.33E-54	<9.64E-54
PRPF4B	0.560601	<5.33E-54	<9.64E-54
CANX	0.560551	<5.33E-54	<9.64E-54
XRCC1	0.560455	<5.33E-54	<9.64E-54
APOC3	0.560389	<5.33E-54	<9.64E-54
AHCTF1	0.560186	<5.33E-54	<9.64E-54
PMPCA	0.560147	<5.33E-54	<9.64E-54
BAK1	0.560067	<5.33E-54	<9.64E-54
MPPE1	0.560007	<5.33E-54	<9.64E-54
CD82	0.559977	<5.33E-54	<9.64E-54
TMEM41A	0.559837	<5.33E-54	<9.64E-54
ERLIN1	0.559822	<5.33E-54	<9.64E-54
TUBGCP3	0.559756	<5.33E-54	<9.64E-54
RAP2C	0.559735	<5.33E-54	<9.64E-54
RBM8A	0.559694	<5.33E-54	<9.64E-54
C2orf76	0.559568	<5.33E-54	<9.64E-54
ZCCHC8	0.559282	<5.33E-54	<9.64E-54
APOE	0.559258	<5.33E-54	<9.64E-54
PWP1	0.559183	<5.33E-54	<9.64E-54
CERS4	0.559156	<5.33E-54	<9.64E-54
FILIP1L	0.559115	<5.33E-54	<9.64E-54
CPNE2	0.559079	<5.33E-54	<9.64E-54
EXOC1	0.558944	<5.33E-54	<9.64E-54
TCF20	0.558765	<5.33E-54	<9.64E-54
KHNYN	0.558688	<5.33E-54	<9.64E-54
GYG1	0.558646	<5.33E-54	<9.64E-54
ANKRD28	0.558491	<5.33E-54	<9.64E-54
COX15	0.558371	<5.33E-54	<9.64E-54
MTRF1	0.558267	<5.33E-54	<9.64E-54
NMT1	0.55818	<5.33E-54	<9.64E-54
AIDA	0.558088	<5.33E-54	<9.64E-54
YY1	0.558085	<5.33E-54	<9.64E-54
LYPLA2	0.557935	<5.33E-54	<9.64E-54
PARD6B	0.557867	<5.33E-54	<9.64E-54
TMEM68	0.557852	<5.33E-54	<9.64E-54
COPRS	0.557825	<5.33E-54	<9.64E-54
TBC1D9B	0.557753	<5.33E-54	<9.64E-54
LRPAP1	0.557723	<5.33E-54	<9.64E-54
CYCS	0.557699	<5.33E-54	<9.64E-54
NUP210	0.557667	<5.33E-54	<9.64E-54
CEBPB	0.557628	<5.33E-54	<9.64E-54
TERF2IP	0.557556	<5.33E-54	<9.64E-54
RNF139	0.557314	<5.33E-54	<9.64E-54
A1BG	0.557281	<5.33E-54	<9.64E-54
STRN4	0.557189	<5.33E-54	<9.64E-54
CISD1	0.557168	<5.33E-54	<9.64E-54
CASKIN2	0.557165	<5.33E-54	<9.64E-54
C3	0.557055	<5.33E-54	<9.64E-54
LYSMD3	0.556968	<5.33E-54	<9.64E-54
SMAD2	0.556834	<5.33E-54	<9.64E-54
HMCN1	0.556693	<5.33E-54	<9.64E-54
NUB1	0.55666	<5.33E-54	<9.64E-54
UBLCP1	0.556535	<5.33E-54	<9.64E-54
DNM1L	0.556308	<5.33E-54	<9.64E-54
LTBP4	0.556108	<5.33E-54	<9.64E-54
RRAS	0.555902	<5.33E-54	<9.64E-54
NEK9	0.55572	<5.33E-54	<9.64E-54
TTC7A	0.555717	<5.33E-54	<9.64E-54
R3HCC1	0.555666	<5.33E-54	<9.64E-54
CDKN2C	0.55521	<5.33E-54	<9.64E-54
CD276	0.555174	<5.33E-54	<9.64E-54
VPS4B	0.555165	<5.33E-54	<9.64E-54
C2CD2	0.55512	<5.33E-54	<9.64E-54
HGSNAT	0.555042	<5.33E-54	<9.64E-54
TUBB6	0.554878	<5.33E-54	<9.64E-54
ABHD4	0.554798	<5.33E-54	<9.64E-54
LIN7A	0.554774	<5.33E-54	<9.64E-54
IFT27	0.554636	<5.33E-54	<9.64E-54
KRT8	0.554541	<5.33E-54	<9.64E-54
COQ7	0.554511	<5.33E-54	<9.64E-54
FOLH1	0.554421	<5.33E-54	<9.64E-54
HERC4	0.554409	<5.33E-54	<9.64E-54
FHL3	0.554305	<5.33E-54	<9.64E-54
SLC2A13	0.554266	<5.33E-54	<9.64E-54
TM7SF3	0.554114	<5.33E-54	<9.64E-54
MFN2	0.553812	<5.33E-54	<9.64E-54
CCDC51	0.553669	<5.33E-54	<9.64E-54
PPP1CC	0.553654	<5.33E-54	<9.64E-54
RAB33B	0.553588	<5.33E-54	<9.64E-54
PCMT1	0.553374	<5.33E-54	<9.64E-54
TMEM70	0.553341	<5.33E-54	<9.64E-54
PPP1R9B	0.553281	<5.33E-54	<9.64E-54
PPP2R5D	0.553185	<5.33E-54	<9.64E-54
FBXL8	0.55315	<5.33E-54	<9.64E-54
MIF	0.552982	<5.33E-54	<9.64E-54
NELFA	0.552973	<5.33E-54	<9.64E-54
PPIL3	0.552776	<5.33E-54	<9.64E-54
RRM1	0.552776	<5.33E-54	<9.64E-54
TTC5	0.552744	<5.33E-54	<9.64E-54
FXR1	0.552705	<5.33E-54	<9.64E-54
CUL4A	0.552633	<5.33E-54	<9.64E-54
LARS	0.552454	<5.33E-54	<9.64E-54
UCHL3	0.552448	<5.33E-54	<9.64E-54
XPNPEP3	0.552373	<5.33E-54	<9.64E-54
DNAJC21	0.552293	<5.33E-54	<9.64E-54
PTBP3	0.55223	<5.33E-54	<9.64E-54
HNRNPDL	0.552147	<5.33E-54	<9.64E-54
ARHGEF1	0.552111	<5.33E-54	<9.64E-54
SH3PXD2B	0.552072	<5.33E-54	<9.64E-54
BPTF	0.551958	<5.33E-54	<9.64E-54
POLDIP3	0.551878	<5.33E-54	<9.64E-54
FARS2	0.551708	<5.33E-54	<9.64E-54
ACSF3	0.551699	<5.33E-54	<9.64E-54
TPR	0.551543	<5.33E-54	<9.64E-54
DDHD2	0.55143	<5.33E-54	<9.64E-54
JMJD7	0.551334	<5.33E-54	<9.64E-54
ITIH4	0.551224	<5.33E-54	<9.64E-54
UBQLN2	0.551173	<5.33E-54	<9.64E-54
RTN4IP1	0.551054	<5.33E-54	<9.64E-54
LLGL2	0.551051	<5.33E-54	<9.64E-54
INPP5K	0.551027	<5.33E-54	<9.64E-54
SPG21	0.550994	<5.33E-54	<9.64E-54
NPC2	0.550908	<5.33E-54	<9.64E-54
PLIN4	0.550725	<5.33E-54	<9.64E-54
FKBP15	0.550696	<5.33E-54	<9.64E-54
SMCHD1	0.550624	<5.33E-54	<9.64E-54
FBXO22	0.550564	<5.33E-54	<9.64E-54
GSTZ1	0.550555	<5.33E-54	<9.64E-54
HEXB	0.550409	<5.33E-54	<9.64E-54
PPP3CA	0.550394	<5.33E-54	<9.64E-54
C1orf43	0.550373	<5.33E-54	<9.64E-54
CNNM3	0.550349	<5.33E-54	<9.64E-54
UROS	0.550251	<5.33E-54	<9.64E-54
HYAL1	0.549737	<5.33E-54	<9.64E-54
BYSL	0.549663	<5.33E-54	<9.64E-54
TMX2	0.549275	<5.33E-54	<9.64E-54
GALNT4	0.549245	6.55e-14	1.16e-13
CDAN1	0.549194	<5.33E-54	<9.64E-54
TRIP12	0.549116	<5.33E-54	<9.64E-54
ARAF	0.5490120000000001	<5.33E-54	<9.64E-54
KDSR	0.548952	<5.33E-54	<9.64E-54
TBC1D15	0.548779	<5.33E-54	<9.64E-54
UBE3C	0.54871	<5.33E-54	<9.64E-54
MCUR1	0.548695	<5.33E-54	<9.64E-54
POLDIP2	0.548627	<5.33E-54	<9.64E-54
NUP43	0.548618	<5.33E-54	<9.64E-54
KDM3B	0.5486	<5.33E-54	<9.64E-54
AMDHD2	0.548543	<5.33E-54	<9.64E-54
RAN	0.54831	<5.33E-54	<9.64E-54
PIN1	0.548194	<5.33E-54	<9.64E-54
PHF3	0.548033	<5.33E-54	<9.64E-54
ARID2	0.548012	<5.33E-54	<9.64E-54
CHST14	0.548	<5.33E-54	<9.64E-54
HS2ST1	0.547761	<5.33E-54	<9.64E-54
MBOAT7	0.547704	<5.33E-54	<9.64E-54
ABHD3	0.547618	<5.33E-54	<9.64E-54
CAD	0.547612	<5.33E-54	<9.64E-54
TERF2	0.547582	<5.33E-54	<9.64E-54
FAM185A	0.547492	<5.33E-54	<9.64E-54
DNPEP	0.547215	<5.33E-54	<9.64E-54
PPIC	0.547182	<5.33E-54	<9.64E-54
POGZ	0.546916	<5.33E-54	<9.64E-54
ADH5	0.546722	<5.33E-54	<9.64E-54
SCAMP1	0.546647	<5.33E-54	<9.64E-54
ASPSCR1	0.546641	<5.33E-54	<9.64E-54
CTBS	0.5466	<5.33E-54	<9.64E-54
EML4	0.5466	<5.33E-54	<9.64E-54
SEL1L	0.546585	<5.33E-54	<9.64E-54
MDH1	0.546546	<5.33E-54	<9.64E-54
PSMD9	0.546543	<5.33E-54	<9.64E-54
NRAS	0.546403	<5.33E-54	<9.64E-54
SEC16A	0.546253	<5.33E-54	<9.64E-54
RBM4	0.546226	<5.33E-54	<9.64E-54
DDX31	0.546065	<5.33E-54	<9.64E-54
GTF2I	0.545985	<5.33E-54	<9.64E-54
SLC25A5	0.545919	<5.33E-54	<9.64E-54
RB1CC1	0.545901	<5.33E-54	<9.64E-54
GRWD1	0.545773	<5.33E-54	<9.64E-54
DCP1A	0.545716	<5.33E-54	<9.64E-54
IRGQ	0.54571	<5.33E-54	<9.64E-54
TTC37	0.545576	<5.33E-54	<9.64E-54
RSL1D1	0.545468	<5.33E-54	<9.64E-54
KHSRP	0.545388	<5.33E-54	<9.64E-54
EHMT2	0.545158	<5.33E-54	<9.64E-54
TRAF2	0.544722	<5.33E-54	<9.64E-54
ZFAND1	0.544722	<5.33E-54	<9.64E-54
MARCO	0.544691	1.15e-13	2.05e-13
LPA	0.544638	<5.33E-54	<9.64E-54
CPNE3	0.544572	<5.33E-54	<9.64E-54
SAE1	0.544396	<5.33E-54	<9.64E-54
IRF2BPL	0.544358	<5.33E-54	<9.64E-54
SYPL1	0.544128	<5.33E-54	<9.64E-54
MAPK1	0.544035	<5.33E-54	<9.64E-54
SERPINA4	0.544026	<5.33E-54	<9.64E-54
PURB	0.543957	<5.33E-54	<9.64E-54
LARP4	0.543895	<5.33E-54	<9.64E-54
PNKD	0.543883	<5.33E-54	<9.64E-54
MRRF	0.543683	<5.33E-54	<9.64E-54
POP1	0.543638	<5.33E-54	<9.64E-54
RALGAPA2	0.543519	<5.33E-54	<9.64E-54
NELFE	0.54348	<5.33E-54	<9.64E-54
PTPRK	0.543372	<5.33E-54	<9.64E-54
ATPAF2	0.543289	<5.33E-54	<9.64E-54
GCAT	0.543274	<5.33E-54	<9.64E-54
CD151	0.543256	<5.33E-54	<9.64E-54
NAP1L1	0.543238	<5.33E-54	<9.64E-54
SPCS3	0.543232	<5.33E-54	<9.64E-54
CUL5	0.543223	<5.33E-54	<9.64E-54
BCL10	0.54322	<5.33E-54	<9.64E-54
ARPC1B	0.543172	<5.33E-54	<9.64E-54
NT5C2	0.543116	<5.33E-54	<9.64E-54
GPAM	0.54308	<5.33E-54	<9.64E-54
ACBD3	0.543014	<5.33E-54	<9.64E-54
GAB1	0.542781	<5.33E-54	<9.64E-54
TAOK2	0.542677	1.48e-13	2.62e-13
PHF6	0.54265	<5.33E-54	<9.64E-54
RSPRY1	0.542644	1.48e-13	2.63e-13
TFCP2	0.542626	<5.33E-54	<9.64E-54
MTM1	0.542581	<5.33E-54	<9.64E-54
SNX18	0.542444	<5.33E-54	<9.64E-54
STAB2	0.542364	1.54e-13	2.72e-13
RAB43	0.542342	<5.33E-54	<9.64E-54
NCF2	0.542333	<5.33E-54	<9.64E-54
DPH5	0.542286	<5.33E-54	<9.64E-54
MCMBP	0.542283	<5.33E-54	<9.64E-54
LRBA	0.542208	<5.33E-54	<9.64E-54
CTU2	0.541901	<5.33E-54	<9.64E-54
RAB14	0.541823	<5.33E-54	<9.64E-54
PON2	0.541802	<5.33E-54	<9.64E-54
IGFBP7	0.541626	<5.33E-54	<9.64E-54
CD163	0.541575	<5.33E-54	<9.64E-54
NUTF2	0.541557	<5.33E-54	<9.64E-54
CYB5R1	0.541375	<5.33E-54	<9.64E-54
PRPS1	0.541193	<5.33E-54	<9.64E-54
TXNDC12	0.541193	<5.33E-54	<9.64E-54
C17orf75	0.541151	<5.33E-54	<9.64E-54
KATNB1	0.541145	<5.33E-54	<9.64E-54
PTPN9	0.541014	<5.33E-54	<9.64E-54
HAT1	0.540936	<5.33E-54	<9.64E-54
ABTB2	0.540814	<5.33E-54	<9.64E-54
DDX42	0.540763	<5.33E-54	<9.64E-54
PEX19	0.540694	<5.33E-54	<9.64E-54
UBE2N	0.540682	<5.33E-54	<9.64E-54
NPEPL1	0.540462	<5.33E-54	<9.64E-54
RAB7A	0.540408	<5.33E-54	<9.64E-54
TPP1	0.540381	<5.33E-54	<9.64E-54
NGLY1	0.540312	<5.33E-54	<9.64E-54
STOML2	0.540241	<5.33E-54	<9.64E-54
FARP2	0.540023	<5.33E-54	<9.64E-54
COL4A3BP	0.540008	<5.33E-54	<9.64E-54
HSPD1	0.539966	<5.33E-54	<9.64E-54
RANGAP1	0.539957	<5.33E-54	<9.64E-54
PIP4K2A	0.539909	<5.33E-54	<9.64E-54
METTL16	0.539897	<5.33E-54	<9.64E-54
NUP160	0.539832	<5.33E-54	<9.64E-54
TRMT1	0.539679	<5.33E-54	<9.64E-54
PDCD6	0.539676	<5.33E-54	<9.64E-54
TBC1D2	0.539527	<5.33E-54	<9.64E-54
WDR46	0.539509	<5.33E-54	<9.64E-54
TCERG1	0.539476	<5.33E-54	<9.64E-54
CUL4B	0.539429	<5.33E-54	<9.64E-54
NONO	0.539375	<5.33E-54	<9.64E-54
FAM98C	0.53933	<5.33E-54	<9.64E-54
POLE3	0.539324	<5.33E-54	<9.64E-54
PNKP	0.539321	<5.33E-54	<9.64E-54
HDAC2	0.539232	<5.33E-54	<9.64E-54
IARS2	0.539029	<5.33E-54	<9.64E-54
NPLOC4	0.538918	<5.33E-54	<9.64E-54
TOM1	0.53879	<5.33E-54	<9.64E-54
SLC25A1	0.538727	<5.33E-54	<9.64E-54
CPQ	0.538709	<5.33E-54	<9.64E-54
SMAD3	0.538673	<5.33E-54	<9.64E-54
ADPRHL2	0.538631	<5.33E-54	<9.64E-54
CLPTM1	0.53842	<5.33E-54	<9.64E-54
PAFAH1B1	0.538405	<5.33E-54	<9.64E-54
PDE4DIP	0.538342	<5.33E-54	<9.64E-54
FLAD1	0.538318	<5.33E-54	<9.64E-54
VTI1B	0.538249	<5.33E-54	<9.64E-54
TAF2	0.538049	<5.33E-54	<9.64E-54
APEX1	0.53787	<5.33E-54	<9.64E-54
APIP	0.537867	<5.33E-54	<9.64E-54
GLYR1	0.537763	<5.33E-54	<9.64E-54
LRRC8A	0.53776	<5.33E-54	<9.64E-54
BRIX1	0.537748	<5.33E-54	<9.64E-54
AGPAT1	0.537739	<5.33E-54	<9.64E-54
AHCYL1	0.537646	<5.33E-54	<9.64E-54
IBA57	0.537596	<5.33E-54	<9.64E-54
RPA2	0.537566	<5.33E-54	<9.64E-54
OXSR1	0.537381	<5.33E-54	<9.64E-54
DSTN	0.537309	<5.33E-54	<9.64E-54
CALD1	0.537201	<5.33E-54	<9.64E-54
NOL3	0.53719	<5.33E-54	<9.64E-54
OSBPL11	0.53716	<5.33E-54	<9.64E-54
RABEP1	0.537085	<5.33E-54	<9.64E-54
LIG3	0.536885	<5.33E-54	<9.64E-54
EPRS	0.536867	<5.33E-54	<9.64E-54
AFG3L2	0.536682	<5.33E-54	<9.64E-54
ABHD11	0.536637	<5.33E-54	<9.64E-54
PTRH2	0.536586	<5.33E-54	<9.64E-54
FHIT	0.536506	<5.33E-54	<9.64E-54
DHX37	0.536503	<5.33E-54	<9.64E-54
TLN2	0.536434	<5.33E-54	<9.64E-54
ILKAP	0.536389	<5.33E-54	<9.64E-54
PTRHD1	0.53636	<5.33E-54	<9.64E-54
MST1	0.536324	<5.33E-54	<9.64E-54
SART3	0.536297	<5.33E-54	<9.64E-54
USP6NL	0.536258	<5.33E-54	<9.64E-54
SEC31A	0.536195	<5.33E-54	<9.64E-54
SFT2D2	0.536183	<5.33E-54	<9.64E-54
SASH1	0.536148	<5.33E-54	<9.64E-54
RHOG	0.535974	<5.33E-54	<9.64E-54
A2M	0.535951	<5.33E-54	<9.64E-54
SLC3A2	0.53593	<5.33E-54	<9.64E-54
DHFR	0.535819	<5.33E-54	<9.64E-54
FIS1	0.535739	<5.33E-54	<9.64E-54
GPKOW	0.535664	<5.33E-54	<9.64E-54
CORO1C	0.535616	<5.33E-54	<9.64E-54
ARID1B	0.535294	<5.33E-54	<9.64E-54
PSD3	0.535201	<5.33E-54	<9.64E-54
AZGP1	0.535106	<5.33E-54	<9.64E-54
OTUD6B	0.534962	<5.33E-54	<9.64E-54
NADSYN1	0.534819	<5.33E-54	<9.64E-54
MARVELD2	0.534706	<5.33E-54	<9.64E-54
BAZ1B	0.534544	<5.33E-54	<9.64E-54
RFT1	0.534455	<5.33E-54	<9.64E-54
PCIF1	0.534377	<5.33E-54	<9.64E-54
TINAGL1	0.5343	<5.33E-54	<9.64E-54
GIT1	0.534291	<5.33E-54	<9.64E-54
GOSR2	0.534183	<5.33E-54	<9.64E-54
PHAX	0.534082	<5.33E-54	<9.64E-54
CHCHD4	0.534007	<5.33E-54	<9.64E-54
FLNB	0.533813	<5.33E-54	<9.64E-54
SRPK2	0.533732	<5.33E-54	<9.64E-54
WDR41	0.533703	<5.33E-54	<9.64E-54
SCRN3	0.533604	<5.33E-54	<9.64E-54
PIP4K2C	0.53347	<5.33E-54	<9.64E-54
NCK1	0.533255	<5.33E-54	<9.64E-54
DERL2	0.533237	<5.33E-54	<9.64E-54
RDX	0.533088	<5.33E-54	<9.64E-54
ZZEF1	0.532879	<5.33E-54	<9.64E-54
KRT18	0.532637	<5.33E-54	<9.64E-54
TGFB1I1	0.532535	<5.33E-54	<9.64E-54
WDR45B	0.532505	<5.33E-54	<9.64E-54
SMARCD1	0.532437	<5.33E-54	<9.64E-54
SPARC	0.532431	<5.33E-54	<9.64E-54
GOLGA7	0.532278	<5.33E-54	<9.64E-54
NAGLU	0.532273	<5.33E-54	<9.64E-54
LONP2	0.532237	<5.33E-54	<9.64E-54
ATP13A3	0.532234	<5.33E-54	<9.64E-54
SEPT8	0.531989	<5.33E-54	<9.64E-54
HSPA5	0.531977	<5.33E-54	<9.64E-54
AIP	0.531965	<5.33E-54	<9.64E-54
TRAPPC6B	0.531786	<5.33E-54	<9.64E-54
NRP1	0.531765	<5.33E-54	<9.64E-54
EPS8L2	0.53175	<5.33E-54	<9.64E-54
NOS1AP	0.531687	<5.33E-54	<9.64E-54
CFI	0.531616	<5.33E-54	<9.64E-54
MB	0.531578	5.62e-13	9.94e-13
ATOX1	0.531574	<5.33E-54	<9.64E-54
HNRNPU	0.531574	<5.33E-54	<9.64E-54
NTMT1	0.531314	<5.33E-54	<9.64E-54
KLC1	0.531311	<5.33E-54	<9.64E-54
GCSH	0.531114	<5.33E-54	<9.64E-54
EPN1	0.530971	<5.33E-54	<9.64E-54
RIF1	0.530741	<5.33E-54	<9.64E-54
CSPG4	0.530729	<5.33E-54	<9.64E-54
PAK1IP1	0.530705	<5.33E-54	<9.64E-54
PTRH1	0.530639	<5.33E-54	<9.64E-54
ZBTB20	0.53041	<5.33E-54	<9.64E-54
CCDC137	0.530317	<5.33E-54	<9.64E-54
THOC2	0.530248	<5.33E-54	<9.64E-54
TPCN1	0.53003	<5.33E-54	<9.64E-54
TMEM161A	0.529956	<5.33E-54	<9.64E-54
ADNP	0.529836	<5.33E-54	<9.64E-54
AP1G1	0.529774	<5.33E-54	<9.64E-54
KIAA1147	0.529669	<5.33E-54	<9.64E-54
PRKACA	0.529669	<5.33E-54	<9.64E-54
BCR	0.529568	<5.33E-54	<9.64E-54
TRMT1L	0.52949	<5.33E-54	<9.64E-54
COMTD1	0.529487	<5.33E-54	<9.64E-54
SLC30A5	0.529317	<5.33E-54	<9.64E-54
CDC42EP1	0.529144	<5.33E-54	<9.64E-54
PEX16	0.529039	<5.33E-54	<9.64E-54
XPO6	0.528997	<5.33E-54	<9.64E-54
CYB5B	0.528986	<5.33E-54	<9.64E-54
HDAC4	0.528959	<5.33E-54	<9.64E-54
FOXK1	0.528854	<5.33E-54	<9.64E-54
CASP9	0.528768	<5.33E-54	<9.64E-54
SNUPN	0.528717	<5.33E-54	<9.64E-54
PSME1	0.528687	<5.33E-54	<9.64E-54
ZNF787	0.528684	<5.33E-54	<9.64E-54
BRD4	0.528529	<5.33E-54	<9.64E-54
DHPS	0.528424	<5.33E-54	<9.64E-54
PTPN3	0.528296	<5.33E-54	<9.64E-54
UQCC1	0.528117	<5.33E-54	<9.64E-54
KIAA0391	0.52783	<5.33E-54	<9.64E-54
HNRNPH3	0.527738	<5.33E-54	<9.64E-54
GORASP2	0.527717	<5.33E-54	<9.64E-54
CEP170B	0.5276	<5.33E-54	<9.64E-54
TLE1	0.527576	<5.33E-54	<9.64E-54
RNF114	0.527466	<5.33E-54	<9.64E-54
MAGI1	0.527263	<5.33E-54	<9.64E-54
RDH11	0.527018	<5.33E-54	<9.64E-54
STX17	0.526947	<5.33E-54	<9.64E-54
TBC1D20	0.526866	<5.33E-54	<9.64E-54
NRM	0.526648	<5.33E-54	<9.64E-54
NOB1	0.526579	<5.33E-54	<9.64E-54
MFGE8	0.526555	<5.33E-54	<9.64E-54
A1CF	0.526511	<5.33E-54	<9.64E-54
ANG	0.526334	<5.33E-54	<9.64E-54
TMEM214	0.525984	1.08e-12	1.91e-12
PHF2	0.525958	<5.33E-54	<9.64E-54
STX11	0.52594	<5.33E-54	<9.64E-54
ACAD10	0.525624	<5.33E-54	<9.64E-54
EGFL7	0.525624	<5.33E-54	<9.64E-54
CDC40	0.525585	<5.33E-54	<9.64E-54
ABCF3	0.525531	<5.33E-54	<9.64E-54
GMPPB	0.525505	<5.33E-54	<9.64E-54
DIS3L2	0.525403	<5.33E-54	<9.64E-54
CCDC91	0.525349	<5.33E-54	<9.64E-54
STAG2	0.525149	<5.33E-54	<9.64E-54
MTMR9	0.52511	<5.33E-54	<9.64E-54
IKBKG	0.525104	<5.33E-54	<9.64E-54
RECQL	0.524821	<5.33E-54	<9.64E-54
VDAC2	0.524681	<5.33E-54	<9.64E-54
DCUN1D5	0.524663	<5.33E-54	<9.64E-54
NARFL	0.524433	<5.33E-54	<9.64E-54
DNAJC11	0.5244	<5.33E-54	<9.64E-54
GOSR1	0.52434	<5.33E-54	<9.64E-54
ACTN4	0.524233	<5.33E-54	<9.64E-54
EHD1	0.524188	<5.33E-54	<9.64E-54
LASP1	0.524107	<5.33E-54	<9.64E-54
BST1	0.524039	<5.33E-54	<9.64E-54
LARS2	0.523946	<5.33E-54	<9.64E-54
CYP20A1	0.52383	<5.33E-54	<9.64E-54
ITGB5	0.523809	<5.33E-54	<9.64E-54
EWSR1	0.523737	<5.33E-54	<9.64E-54
C1orf226	0.523689	<5.33E-54	<9.64E-54
NMI	0.523639	<5.33E-54	<9.64E-54
ASAP1	0.523448	<5.33E-54	<9.64E-54
NR2C2AP	0.523355	<5.33E-54	<9.64E-54
WDR33	0.523176	<5.33E-54	<9.64E-54
ZNF830	0.523024	<5.33E-54	<9.64E-54
NFKB1	0.523018	<5.33E-54	<9.64E-54
KIAA1143	0.522928	<5.33E-54	<9.64E-54
C1GALT1	0.522877	<5.33E-54	<9.64E-54
TMEM63B	0.522647	<5.33E-54	<9.64E-54
ECE2	0.522498	<5.33E-54	<9.64E-54
ITGB3	0.522467	1.62e-12	2.86e-12
CTIF	0.522427	<5.33E-54	<9.64E-54
UNC45A	0.522227	<5.33E-54	<9.64E-54
SAR1B	0.522173	<5.33E-54	<9.64E-54
C1orf122	0.522143	<5.33E-54	<9.64E-54
CP	0.522131	<5.33E-54	<9.64E-54
ATXN10	0.522113	<5.33E-54	<9.64E-54
SLC38A2	0.52211	<5.33E-54	<9.64E-54
ZCCHC17	0.52208	<5.33E-54	<9.64E-54
PPA2	0.522062	<5.33E-54	<9.64E-54
NME7	0.522059	<5.33E-54	<9.64E-54
NIF3L1	0.521776	<5.33E-54	<9.64E-54
ARHGEF17	0.521662	<5.33E-54	<9.64E-54
PDE6D	0.5216	<5.33E-54	<9.64E-54
TSPAN6	0.520949	<5.33E-54	<9.64E-54
BOD1L1	0.520934	<5.33E-54	<9.64E-54
PAN2	0.520755	<5.33E-54	<9.64E-54
RHOB	0.520743	<5.33E-54	<9.64E-54
STX8	0.520337	<5.33E-54	<9.64E-54
LRRC59	0.52019	<5.33E-54	<9.64E-54
CASK	0.520068	<5.33E-54	<9.64E-54
MTCH2	0.519898	<5.33E-54	<9.64E-54
TBC1D2B	0.519743	<5.33E-54	<9.64E-54
SLC46A1	0.519686	<5.33E-54	<9.64E-54
GMPR2	0.519608	<5.33E-54	<9.64E-54
ACP2	0.519369	<5.33E-54	<9.64E-54
FAM118B	0.519337	<5.33E-54	<9.64E-54
CASP10	0.519322	<5.33E-54	<9.64E-54
EPB41	0.519283	<5.33E-54	<9.64E-54
CRNKL1	0.519226	<5.33E-54	<9.64E-54
ZNF326	0.519041	<5.33E-54	<9.64E-54
GNPNAT1	0.519002	<5.33E-54	<9.64E-54
U2SURP	0.518975	<5.33E-54	<9.64E-54
PPP1R12B	0.518889	<5.33E-54	<9.64E-54
UBR1	0.518886	<5.33E-54	<9.64E-54
ZC3H18	0.518883	<5.33E-54	<9.64E-54
FAM98A	0.51879	<5.33E-54	<9.64E-54
NCOR1	0.518743	<5.33E-54	<9.64E-54
MTG2	0.518572	<5.33E-54	<9.64E-54
ATP11A	0.518554	<5.33E-54	<9.64E-54
CRTC2	0.518528	<5.33E-54	<9.64E-54
ITM2B	0.518363	<5.33E-54	<9.64E-54
GSS	0.517975	<5.33E-54	<9.64E-54
FCN1	0.517722	2.78e-12	4.9e-12
SCFD1	0.517707	<5.33E-54	<9.64E-54
LRG1	0.517638	<5.33E-54	<9.64E-54
LARP4B	0.517632	<5.33E-54	<9.64E-54
MTMR12	0.517554	<5.33E-54	<9.64E-54
HPCAL1	0.517495	<5.33E-54	<9.64E-54
PPP5C	0.517468	<5.33E-54	<9.64E-54
MKL2	0.517277	<5.33E-54	<9.64E-54
FBXO38	0.51722	<5.33E-54	<9.64E-54
OTUD4	0.517047	<5.33E-54	<9.64E-54
SFSWAP	0.51702	<5.33E-54	<9.64E-54
GATAD2B	0.516906	<5.33E-54	<9.64E-54
PLS3	0.516674	<5.33E-54	<9.64E-54
OSBP	0.516653	<5.33E-54	<9.64E-54
MGME1	0.516387	3.23e-12	5.68e-12
MON1B	0.516303	<5.33E-54	<9.64E-54
RAVER1	0.516286	<5.33E-54	<9.64E-54
CCNY	0.516184	<5.33E-54	<9.64E-54
GNG2	0.51616	<5.33E-54	<9.64E-54
PRRC1	0.51613	<5.33E-54	<9.64E-54
C11orf68	0.515945	<5.33E-54	<9.64E-54
PGAM5	0.515903	<5.33E-54	<9.64E-54
ACBD6	0.515869	3.43e-12	6.02e-12
RPUSD3	0.515766	<5.33E-54	<9.64E-54
DNAJC16	0.515408	<5.33E-54	<9.64E-54
WDFY1	0.515393	<5.33E-54	<9.64E-54
DCK	0.515375	<5.33E-54	<9.64E-54
MAP4K3	0.515121	<5.33E-54	<9.64E-54
MTRR	0.514891	<5.33E-54	<9.64E-54
CYGB	0.514814	<5.33E-54	<9.64E-54
USP14	0.514799	<5.33E-54	<9.64E-54
EDC3	0.514667	<5.33E-54	<9.64E-54
SEPHS1	0.514581	<5.33E-54	<9.64E-54
GGA2	0.514506	<5.33E-54	<9.64E-54
PRPSAP1	0.514342	<5.33E-54	<9.64E-54
TMEM109	0.514157	<5.33E-54	<9.64E-54
DYRK1A	0.514094	<5.33E-54	<9.64E-54
ACOT9	0.514014	<5.33E-54	<9.64E-54
PALD1	0.513963	<5.33E-54	<9.64E-54
GRB10	0.513915	<5.33E-54	<9.64E-54
ZFP36L1	0.513829	<5.33E-54	<9.64E-54
DCAF6	0.51382	<5.33E-54	<9.64E-54
RAB10	0.513799	<5.33E-54	<9.64E-54
KIN	0.513694	<5.33E-54	<9.64E-54
DDX18	0.513631	<5.33E-54	<9.64E-54
TPRN	0.513626	<5.33E-54	<9.64E-54
GALNT1	0.513605	<5.33E-54	<9.64E-54
EPM2AIP1	0.51353	<5.33E-54	<9.64E-54
SLC15A4	0.513425	<5.33E-54	<9.64E-54
LEMD3	0.513273	<5.33E-54	<9.64E-54
MIF4GD	0.513193	<5.33E-54	<9.64E-54
RRP1	0.513169	<5.33E-54	<9.64E-54
SMARCAL1	0.51307	<5.33E-54	<9.64E-54
NBEAL2	0.513025	<5.33E-54	<9.64E-54
STK25	0.513002	<5.33E-54	<9.64E-54
ZBTB8OS	0.512709	<5.33E-54	<9.64E-54
TMCC3	0.512697	<5.33E-54	<9.64E-54
PPIL2	0.51259	<5.33E-54	<9.64E-54
SUMF2	0.512578	<5.33E-54	<9.64E-54
PFAS	0.512551	<5.33E-54	<9.64E-54
WBP11	0.512348	<5.33E-54	<9.64E-54
AAMDC	0.512264	<5.33E-54	<9.64E-54
TAX1BP1	0.512154	<5.33E-54	<9.64E-54
SNAP23	0.512097	<5.33E-54	<9.64E-54
CDKN2AIP	0.512064	<5.33E-54	<9.64E-54
VAPB	0.511927	<5.33E-54	<9.64E-54
KPNA3	0.511673	<5.33E-54	<9.64E-54
ANKRD44	0.511539	<5.33E-54	<9.64E-54
PUS1	0.51147	<5.33E-54	<9.64E-54
ERC1	0.511419	<5.33E-54	<9.64E-54
CHKB	0.511348	<5.33E-54	<9.64E-54
AP1S2	0.511228	<5.33E-54	<9.64E-54
ATP5S	0.511127	<5.33E-54	<9.64E-54
OGFOD2	0.511103	<5.33E-54	<9.64E-54
HNRNPUL1	0.510998	<5.33E-54	<9.64E-54
ESYT1	0.510971	<5.33E-54	<9.64E-54
QKI	0.510849	<5.33E-54	<9.64E-54
GOLGA3	0.510757	<5.33E-54	<9.64E-54
WNK1	0.510718	<5.33E-54	<9.64E-54
FGL2	0.510694	<5.33E-54	<9.64E-54
INTS7	0.510539	<5.33E-54	<9.64E-54
PID1	0.510398	<5.33E-54	<9.64E-54
PMF1	0.510395	<5.33E-54	<9.64E-54
MANBA	0.510118	<5.33E-54	<9.64E-54
NUP153	0.509971	<5.33E-54	<9.64E-54
S100A9	0.509724	<5.33E-54	<9.64E-54
SERPINA3	0.509706	<5.33E-54	<9.64E-54
POGLUT1	0.509518	<5.33E-54	<9.64E-54
ARHGDIA	0.509503	<5.33E-54	<9.64E-54
CDC27	0.509473	<5.33E-54	<9.64E-54
PHPT1	0.509324	<5.33E-54	<9.64E-54
TOR1A	0.50927	<5.33E-54	<9.64E-54
RFC2	0.509228	<5.33E-54	<9.64E-54
PCBD2	0.509118	<5.33E-54	<9.64E-54
AFTPH	0.509112	<5.33E-54	<9.64E-54
MRPL46	0.508914	<5.33E-54	<9.64E-54
RANBP1	0.508909	<5.33E-54	<9.64E-54
AKAP10	0.508798	<5.33E-54	<9.64E-54
MYH9	0.508703	<5.33E-54	<9.64E-54
B4GALT1	0.50864	<5.33E-54	<9.64E-54
SLC35A2	0.508571	<5.33E-54	<9.64E-54
ARL5A	0.508422	<5.33E-54	<9.64E-54
DRG2	0.508362	<5.33E-54	<9.64E-54
FAM126A	0.508255	<5.33E-54	<9.64E-54
GMFB	0.508174	<5.33E-54	<9.64E-54
ERI3	0.508094	<5.33E-54	<9.64E-54
NT5DC1	0.507917	<5.33E-54	<9.64E-54
MMP15	0.507908	<5.33E-54	<9.64E-54
APOL1	0.50789	<5.33E-54	<9.64E-54
TMEM161B	0.507744	<5.33E-54	<9.64E-54
HELZ	0.507726	<5.33E-54	<9.64E-54
PCOLCE	0.507553	<5.33E-54	<9.64E-54
C1QA	0.507398	<5.33E-54	<9.64E-54
STAM2	0.507111	2.56e-13	4.53e-13
FUNDC2	0.507067	3.07e-13	5.44e-13
CHUK	0.507034	3.44e-13	6.1e-13
TRAFD1	0.506971	4.17e-13	7.38e-13
ITGA7	0.506923	4.72e-13	8.36e-13
ANAPC7	0.506858	5.49e-13	9.72e-13
IRF2BP1	0.506765	6.59e-13	1.17e-12
WIPI2	0.506568	8.97e-13	1.59e-12
HMCES	0.506308	1.22e-12	2.16e-12
DNAJC3	0.506201	1.36e-12	2.4e-12
PRKAB1	0.506147	1.43e-12	2.52e-12
DENND4A	0.506048	1.56e-12	2.75e-12
LUZP1	0.505974	1.66e-12	2.93e-12
FAM136A	0.505878	1.79e-12	3.15e-12
NAA25	0.50578	1.92e-12	3.39e-12
QSOX2	0.505699	2.03e-12	3.58e-12
HSP90AB1	0.505589	2.19e-12	3.85e-12
SMARCA4	0.505419	2.43e-12	4.28e-12
HRG	0.50535	2.53e-12	4.45e-12
GSPT1	0.505341	2.54e-12	4.47e-12
MAP2K2	0.505308	2.59e-12	4.56e-12
SDF4	0.505225	2.71e-12	4.77e-12
NUCKS1	0.505195	2.75e-12	4.85e-12
FAF2	0.505117	2.87e-12	5.05e-12
PRRC2A	0.504971	3.09e-12	5.44e-12
ARHGAP42	0.504863	3.26e-12	5.72e-12
CHD8	0.50486	3.26e-12	5.73e-12
COL6A1	0.504741	3.45e-12	6.05e-12
GBA	0.504714	3.49e-12	6.13e-12
PPID	0.504651	3.59e-12	6.3e-12
B3GALT6	0.504592	3.69e-12	6.47e-12
NR2F6	0.504466	3.89e-12	6.82e-12
DENND1A	0.504362	4.06e-12	7.12e-12
CISD2	0.50426	4.23e-12	7.42e-12
SMG7	0.504149	1.25e-11	2.16e-11
NCDN	0.504084	4.53e-12	7.94e-12
UQCRC2	0.504081	4.54e-12	7.95e-12
USP25	0.504069	4.56e-12	7.98e-12
TRA2B	0.503759	5.1e-12	8.93e-12
SND1	0.503744	5.13e-12	8.98e-12
MYCBP	0.50369	5.23e-12	9.15e-12
GCA	0.503666	5.27e-12	9.22e-12
TRMT11	0.503526	5.53e-12	9.67e-12
DLGAP4	0.503493	5.59e-12	9.77e-12
PYCR2	0.503347	5.86e-12	1.02e-11
ZNF22	0.503233	6.08e-12	1.06e-11
HSPA14	0.503012	6.51e-12	1.14e-11
NUP214	0.503	6.53e-12	1.14e-11
OSBPL9	0.502991	6.55e-12	1.14e-11
ZFYVE16	0.502982	6.57e-12	1.15e-11
LMTK2	0.502794	6.95e-12	1.21e-11
ANKFY1	0.502788	6.96e-12	1.21e-11
NUP133	0.502663	7.22e-12	1.26e-11
GLB1	0.502573	7.4e-12	1.29e-11
BOLA3	0.502487	7.58e-12	1.32e-11
STAM	0.502439	7.69e-12	1.34e-11
ALS2	0.502421	7.72e-12	1.35e-11
XRCC4	0.502335	7.91e-12	1.38e-11
NID2	0.502311	7.96e-12	1.39e-11
CUL2	0.501911	8.85e-12	1.54e-11
TBC1D22A	0.501899	8.87e-12	1.54e-11
SCLY	0.501869	8.94e-12	1.56e-11
NRBF2	0.501746	9.22e-12	1.6e-11
SLC25A40	0.501672	9.4e-12	1.63e-11
TGOLN2	0.50163	9.5e-12	1.65e-11
CLN5	0.501523	1.65e-11	2.85e-11
RNF113A	0.501514	9.77e-12	1.7e-11
MAP3K11	0.501502	9.8e-12	1.7e-11
WDR75	0.501385	1.01e-11	1.75e-11
EP300	0.501176	1.06e-11	1.84e-11
ESF1	0.500851	1.14e-11	1.98e-11
RPS6KA3	0.500469	1.24e-11	2.16e-11
DDX46	0.500448	1.25e-11	2.17e-11
RFC3	0.500302	1.29e-11	2.24e-11
FAM192A	0.500242	1.31e-11	2.26e-11
PEX1	0.500081	1.35e-11	2.34e-11
SYNGR2	0.500081	1.35e-11	2.34e-11
MPDU1	0.499958	1.39e-11	2.4e-11
STAMBP	0.499678	1.47e-11	2.54e-11
STX4	0.49966	1.47e-11	2.55e-11
AARSD1	0.499636	1.48e-11	2.56e-11
TANGO2	0.499609	1.49e-11	2.58e-11
B3GAT3	0.499531	1.51e-11	2.62e-11
CRBN	0.499361	1.56e-11	2.71e-11
RBCK1	0.499239	1.6e-11	2.77e-11
TXNRD2	0.499203	1.61e-11	2.79e-11
CKB	0.499164	1.63e-11	2.81e-11
PDE12	0.499101	1.65e-11	2.84e-11
TARBP2	0.49906	1.66e-11	2.86e-11
CRELD2	0.499027	1.67e-11	2.88e-11
CNOT4	0.49888	1.72e-11	2.96e-11
TXNRD3	0.498573	1.82e-11	3.14e-11
PPP1R11	0.498343	1.9e-11	3.28e-11
GRK5	0.498277	1.92e-11	3.31e-11
ADAM10	0.498265	1.93e-11	3.32e-11
SH3BP5L	0.498158	1.97e-11	3.39e-11
ZC3H15	0.498021	2.01e-11	3.47e-11
SEC23IP	0.498012	2.02e-11	3.47e-11
METAP1	0.497907	2.06e-11	3.54e-11
PDCD5	0.497883	2.06e-11	3.55e-11
MGMT	0.497803	2.09e-11	3.6e-11
ZNF384	0.497436	2.23e-11	3.84e-11
ZNF207	0.49743	2.24e-11	3.84e-11
S100A10	0.497361	2.26e-11	3.89e-11
ST7	0.497358	2.26e-11	3.89e-11
SLC33A1	0.497343	2.27e-11	3.9e-11
CFL1	0.497298	2.29e-11	3.93e-11
PHACTR4	0.49725	2.31e-11	3.96e-11
RAD21	0.497158	2.34e-11	4.02e-11
ZNFX1	0.497015	2.4e-11	4.12e-11
CCS	0.49691	2.44e-11	4.19e-11
PPFIA1	0.496698	2.53e-11	4.34e-11
TMEM222	0.496573	2.59e-11	4.43e-11
SFPQ	0.496417	2.65e-11	4.55e-11
PLXNB1	0.496247	2.73e-11	4.67e-11
ABCD4	0.495898	2.89e-11	4.94e-11
SNRPB	0.495895	2.89e-11	4.94e-11
HEXIM1	0.495841	2.9100000000000002e-11	4.99e-11
NUDT16L1	0.495704	2.98e-11	5.09e-11
TECR	0.495692	2.98e-11	5.1e-11
QTRT1	0.495674	2.99e-11	5.12e-11
CALR	0.495591	3.03e-11	5.18e-11
EFTUD2	0.495528	3.06e-11	5.23e-11
RBFOX2	0.49542	3.11e-11	5.32e-11
ARHGEF18	0.495256	3.19e-11	5.46e-11
ISG20L2	0.495125	3.26e-11	5.57e-11
PTCD1	0.494898	3.37e-11	5.76e-11
S100A8	0.494827	3.36e-11	5.74e-11
ARFGEF2	0.494653	3.5e-11	5.98e-11
SF3B4	0.494375	3.65e-11	6.23e-11
UPF3B	0.494181	3.76e-11	6.41e-11
GNPDA2	0.494155	3.77e-11	6.44e-11
RALGAPA1	0.494119	3.79e-11	6.47e-11
PXK	0.493957	3.89e-11	6.62e-11
LSM1	0.493934	3.9e-11	6.65e-11
BTD	0.49391	3.91e-11	6.67e-11
CSNK2A1	0.493743	4.01e-11	6.83e-11
TIMM44	0.49334	4.25e-11	7.24e-11
IFI35	0.493107	4.4e-11	7.48e-11
BZW1	0.493086	4.41e-11	7.5e-11
TBL2	0.492963	4.49e-11	7.63e-11
ATP13A1	0.492916	4.52e-11	7.68e-11
NDE1	0.49282	4.58e-11	7.78e-11
SNTA1	0.492722	4.64e-11	7.89e-11
DNAJC2	0.492626	4.71e-11	8e-11
MT2A	0.492521	4.78e-11	8.11e-11
LONP1	0.492468	4.81e-11	8.17e-11
ZC3H14	0.492429	4.84e-11	8.21e-11
TRIM32	0.49231	4.92e-11	8.35e-11
ANXA3	0.492127	4.45e-11	7.58e-11
OSGEPL1	0.492044	5.1e-11	8.66e-11
MARS	0.491996	5.14e-11	8.71e-11
FOXO1	0.491778	5.29e-11	8.98e-11
HSP90B1	0.491736	5.32e-11	9.03e-11
NENF	0.491659	5.38e-11	9.12e-11
SHOC2	0.491617	5.41e-11	9.17e-11
FXR2	0.491581	5.44e-11	9.21e-11
ADIPOR2	0.491575	5.44e-11	9.22e-11
ZFYVE26	0.491459	5.53e-11	9.36e-11
GNAI1	0.49139	5.58e-11	9.45e-11
USP30	0.491363	5.6e-11	9.48e-11
MTHFR	0.491274	5.67e-11	9.59e-11
SZRD1	0.491121	5.79e-11	9.79e-11
SUGP2	0.491118	5.79e-11	9.79e-11
SYNCRIP	0.490888	5.97e-11	1.01e-10
PATL1	0.490745	6.08e-11	1.03e-10
EIF4G1	0.490518	6.27e-11	1.06e-10
THUMPD3	0.490202	6.54e-11	1.1e-10
BRD2	0.490157	6.57e-11	1.11e-10
RBM12B	0.490106	6.62e-11	1.12e-10
NDUFAF7	0.490056	6.66e-11	1.12e-10
TRMT10C	0.490011	6.7e-11	1.13e-10
CTNND1	0.489975	6.73e-11	1.14e-10
IWS1	0.489802	6.89e-11	1.16e-10
UBE2H	0.489799	6.89e-11	1.16e-10
FMNL3	0.489766	6.92e-11	1.17e-10
QRICH1	0.489661	7.01e-11	1.18e-10
TPI1	0.489605	7.06e-11	1.19e-10
PTPN23	0.489243	7.4e-11	1.25e-10
GPX1	0.489115	7.52e-11	1.27e-10
FASTKD2	0.489082	7.55e-11	1.27e-10
HSCB	0.488909	7.72e-11	1.3e-10
GPR89B	0.4889	7.73e-11	1.3e-10
MSTO1	0.488709	7.92e-11	1.33e-10
ELMSAN1	0.488628	8e-11	1.34e-10
TMX1	0.48836	8.27e-11	1.39e-10
RBM10	0.488312	8.32e-11	1.4e-10
LTA4H	0.488148	8.5e-11	1.43e-10
OCIAD1	0.488013	8.64e-11	1.45e-10
HDDC3	0.487966	8.69e-11	1.46e-10
ANKRD54	0.487876	8.79e-11	1.47e-10
KIF1B	0.487685	9e-11	1.51e-10
MIOS	0.487625	9.07e-11	1.52e-10
RAB8B	0.487619	9.07e-11	1.52e-10
MKRN2	0.487306	9.43e-11	1.58e-10
HNRNPR	0.48724	9.5e-11	1.59e-10
HEATR6	0.487234	9.51e-11	1.59e-10
HDLBP	0.486921	9.88e-11	1.65e-10
BNIP3	0.486721	1.01e-10	1.7e-10
NCSTN	0.486634	1.02e-10	1.71e-10
TRIO	0.486383	1.05e-10	1.76e-10
PAAF1	0.486336	1.06e-10	1.77e-10
APEH	0.486216	1.08e-10	1.8e-10
ATM	0.486112	1.09e-10	1.82e-10
C12orf10	0.485849	1.12e-10	1.88e-10
G3BP2	0.485697	1.14e-10	1.91e-10
SMG5	0.485682	1.15e-10	1.92e-10
GOLGA2	0.485655	1.15e-10	1.92e-10
NR3C1	0.485631	1.15e-10	1.93e-10
RASA2	0.485473	1.18e-10	1.96e-10
TSFM	0.485422	1.18e-10	1.97e-10
CYC1	0.485413	1.18e-10	1.98e-10
SBNO1	0.485228	1.21e-10	2.02e-10
GDPGP1	0.485094	1.23e-10	2.05e-10
FTSJ3	0.485088	1.23e-10	2.05e-10
AKAP12	0.485061	1.23e-10	2.06e-10
DOCK6	0.484974	1.25e-10	2.08e-10
HP1BP3	0.484918	1.25e-10	2.09e-10
CLEC4G	0.484864	9.39e-11	1.57e-10
AP3D1	0.484846	1.27e-10	2.11e-10
GCFC2	0.484556	1.31e-10	2.18e-10
RDH14	0.484488	1.32e-10	2.2e-10
ABI3	0.484324	1.34e-10	2.24e-10
NUBP1	0.484309	1.35e-10	2.24e-10
SHMT2	0.484225	1.36e-10	2.26e-10
RPE	0.484201	1.36e-10	2.27e-10
GATAD2A	0.484144	1.37e-10	2.28e-10
SARS2	0.48412	1.38e-10	2.29e-10
TBCA	0.484094	1.38e-10	2.29e-10
RASAL2	0.484016	1.39e-10	2.31e-10
AHSG	0.484007	1.39e-10	2.32e-10
CLPB	0.483962	1.4e-10	2.33e-10
PYGB	0.483923	1.41e-10	2.34e-10
CCDC124	0.483771	1.43e-10	2.38e-10
SCAP	0.483741	1.44e-10	2.39e-10
B4GALT7	0.483723	1.44e-10	2.39e-10
MRI1	0.483706	1.44e-10	2.39e-10
ISOC2	0.483428	1.49e-10	2.47e-10
PFDN1	0.483314	1.51e-10	2.5e-10
COL18A1	0.483297	1.51e-10	2.51e-10
RNF5	0.483288	1.51e-10	2.51e-10
UBE2Z	0.483088	1.55e-10	2.57e-10
MICALL2	0.483073	1.55e-10	2.57e-10
PABPC4	0.483064	1.55e-10	2.57e-10
PTGES2	0.482941	1.58e-10	2.61e-10
RBL2	0.482902	1.58e-10	2.62e-10
ARFGAP2	0.482893	1.58e-10	2.62e-10
SMAD4	0.482416	1.67e-10	2.76e-10
FARSB	0.482258	1.7e-10	2.81e-10
STIM2	0.482207	1.71e-10	2.83e-10
SUMF1	0.482168	1.72e-10	2.84e-10
MTSS1L	0.482099	1.73e-10	2.86e-10
SSBP1	0.481953	1.76e-10	2.91e-10
MORC2	0.481837	1.78e-10	2.94e-10
RNF185	0.48175	1.8e-10	2.97e-10
SHARPIN	0.481669	1.82e-10	3e-10
GRAMD4	0.481637	1.82e-10	3.01e-10
RAF1	0.481386	1.88e-10	3.09e-10
SURF4	0.481359	1.88e-10	3.1e-10
PRRC2C	0.481323	1.89e-10	3.11e-10
RPS6KA4	0.481308	1.89e-10	3.12e-10
BCKDHA	0.481299	1.89e-10	3.12e-10
ATXN2	0.481168	1.92e-10	3.16e-10
PACS2	0.481114	1.93e-10	3.18e-10
HNF1A	0.481087	1.94e-10	3.19e-10
TMED1	0.481078	1.94e-10	3.19e-10
TTC28	0.481057	1.95e-10	3.2e-10
RAB1A	0.480741	2.02e-10	3.31e-10
MPST	0.480562	2.06e-10	3.38e-10
NR2F2	0.480523	2.06e-10	3.39e-10
DOCK5	0.480508	2.07e-10	3.39e-10
MTMR14	0.48046	2.08e-10	3.41e-10
SREBF2	0.480442	2.08e-10	3.42e-10
DMTN	0.48035	2.1e-10	3.45e-10
CLCN7	0.480332	2.11e-10	3.46e-10
NOP56	0.480272	2.12e-10	3.48e-10
SCYL2	0.480195	2.14e-10	3.51e-10
COASY	0.480117	2.16e-10	3.54e-10
THG1L	0.480117	2.16e-10	3.54e-10
ACAD9	0.479998	2.19e-10	3.58e-10
PDE8A	0.479977	2.19e-10	3.59e-10
EXOG	0.479971	2.19e-10	3.59e-10
VRK2	0.479887	2.21e-10	3.62e-10
ERLEC1	0.479762	2.24e-10	3.67e-10
LTBP1	0.479448	2.32e-10	3.8e-10
G6PC	0.479392	2.33e-10	3.82e-10
PLA2G15	0.479293	2.36e-10	3.86e-10
DNAJB2	0.479272	2.36e-10	3.87e-10
ENDOG	0.479248	2.37e-10	3.87e-10
KNG1	0.47903	2.43e-10	3.96e-10
RASA1	0.479024	2.43e-10	3.97e-10
RARRES2	0.47898	2.44e-10	3.98e-10
EIF4A3	0.478977	2.44e-10	3.98e-10
MTFMT	0.478938	2.45e-10	4e-10
PDHA1	0.478905	2.46e-10	4.01e-10
PPTC7	0.47869	2.52e-10	4.11e-10
ALKBH7	0.478532	2.56e-10	4.18e-10
TAF15	0.478436	2.59e-10	4.22e-10
NOM1	0.478278	2.63e-10	4.29e-10
RANBP10	0.478081	2.69e-10	4.38e-10
SYVN1	0.478066	2.69e-10	4.38e-10
SFT2D3	0.477992	1.87e-10	3.08e-10
ECSIT	0.47795	2.73e-10	4.44e-10
SLC4A2	0.477902	2.74e-10	4.46e-10
ZYG11B	0.477842	2.76e-10	4.49e-10
SEC23A	0.477356	2.9e-10	4.72e-10
GYS1	0.477311	2e-10	3.29e-10
MED22	0.477158	2.96e-10	4.82e-10
MEF2D	0.477072	2.99e-10	4.86e-10
KIF2A	0.476815	3.07e-10	4.99e-10
PEX7	0.476561	3.16e-10	5.13e-10
TNPO2	0.476463	3.19e-10	5.18e-10
USP8	0.476451	3.19e-10	5.19e-10
ALG3	0.476397	3.21e-10	5.21e-10
DUS3L	0.476236	3.26e-10	5.3e-10
VAMP5	0.475899	3.38e-10	5.49e-10
MAMDC2	0.475602	2.37e-10	3.87e-10
PAIP1	0.475573	3.5e-10	5.68e-10
MALT1	0.475433	3.55e-10	5.76e-10
TM9SF3	0.475418	3.56e-10	5.77e-10
PDIA3	0.475403	3.56e-10	5.77e-10
SAFB	0.475197	3.64e-10	5.9e-10
RAB35	0.475048	3.69e-10	5.99e-10
HNF4A	0.474896	3.75e-10	6.08e-10
FRYL	0.47457	3.88e-10	6.28e-10
BRAP	0.474504	3.91e-10	6.33e-10
CFDP1	0.474281	4e-10	6.47e-10
NADK	0.474275	4e-10	6.47e-10
TOLLIP	0.474155	4.05e-10	6.55e-10
ERAL1	0.474092	4.08e-10	6.59e-10
FBXL18	0.473898	4.16e-10	6.72e-10
TYW5	0.473773	4.21e-10	6.81e-10
NAE1	0.473758	4.22e-10	6.82e-10
SLC25A25	0.473743	4.22e-10	6.82e-10
ASAH1	0.473692	4.25e-10	6.86e-10
FPGS	0.473689	4.25e-10	6.86e-10
SCARB2	0.473642	4.27e-10	6.89e-10
PTBP1	0.473624	4.27e-10	6.9e-10
ZCCHC3	0.473624	4.27e-10	6.9e-10
TRIP11	0.473588	4.29e-10	6.92e-10
FADD	0.47346	4.35e-10	7.01e-10
KTN1	0.473442	4.35e-10	7.02e-10
NUP62	0.473337	4.4e-10	7.09e-10
NRP2	0.473268	4.43e-10	7.14e-10
GOLT1B	0.473242	4.44e-10	7.16e-10
RBFA	0.472946	4.58e-10	7.37e-10
PDF	0.47283	4.63e-10	7.46e-10
PMM1	0.472812	4.64e-10	7.47e-10
TIAL1	0.472806	4.65e-10	7.47e-10
TOR1B	0.472764	4.66e-10	7.5e-10
PIGS	0.472737	4.68e-10	7.52e-10
MCAT	0.472662	4.71e-10	7.58e-10
CACTIN	0.472659	4.71e-10	7.58e-10
ABCB10	0.472609	4.74e-10	7.61e-10
PXN	0.472567	4.76e-10	7.64e-10
PPP1R14B	0.472477	4.8e-10	7.71e-10
NSUN4	0.472367	4.86e-10	7.8e-10
DNPH1	0.472328	4.87e-10	7.82e-10
TRIM4	0.472179	4.95e-10	7.94e-10
C8B	0.472104	4.99e-10	8e-10
PUM1	0.472089	4.99e-10	8.01e-10
RIC8A	0.472015	5.03e-10	8.06e-10
ISCU	0.472	5.04e-10	8.07e-10
POLR3E	0.471955	5.06e-10	8.11e-10
USP39	0.471818	5.13e-10	8.22e-10
UBE2V1	0.471471	5.31e-10	8.51e-10
HNRNPH2	0.471376	5.36e-10	8.59e-10
TOR4A	0.471325	5.39e-10	8.63e-10
PI4K2B	0.471289	5.41e-10	8.66e-10
DNAJC17	0.471229	5.44e-10	8.71e-10
TDP2	0.471113	5.51e-10	8.81e-10
COPS7B	0.471104	5.51e-10	8.81e-10
RARS	0.471059	5.54e-10	8.85e-10
PARK7	0.470997	5.57e-10	8.9e-10
LSG1	0.47039	5.92e-10	9.45e-10
CHID1	0.470322	5.96e-10	9.51e-10
AGPS	0.470208	6.02e-10	9.62e-10
CCDC9	0.469787	6.28e-10	1e-09
SRP54	0.469486	6.47e-10	1.03e-09
COPS3	0.469431	4.33e-10	6.98e-10
UTP14A	0.469426	6.51e-10	1.04e-09
STX5	0.469223	6.64e-10	1.06e-09
APTX	0.46864	4.67e-10	7.51e-10
PPP6R1	0.468363	7.22e-10	1.15e-09
PPIP5K2	0.468256	7.3e-10	1.16e-09
UQCRC1	0.46825	7.3e-10	1.16e-09
ASPG	0.468122	7.4e-10	1.18e-09
ARHGAP1	0.468101	7.41e-10	1.18e-09
PRKCSH	0.468065	4.93e-10	7.92e-10
RBM17	0.467966	7.51e-10	1.2e-09
RAB5A	0.467948	7.52e-10	1.2e-09
RBMX	0.467945	7.52e-10	1.2e-09
CAV2	0.467775	7.65e-10	1.22e-09
EGLN1	0.467596	7.78e-10	1.24e-09
AARS2	0.467587	7.79e-10	1.24e-09
NTHL1	0.46753	7.83e-10	1.25e-09
CUTA	0.467465	7.88e-10	1.25e-09
PRDX2	0.467369	7.96e-10	1.26e-09
PTPRF	0.467295	8.02e-10	1.27e-09
CBX4	0.46725	8.05e-10	1.28e-09
DOK3	0.46722	8.07e-10	1.28e-09
MOV10	0.467059	8.2e-10	1.3e-09
RABGAP1	0.467005	8.24e-10	1.31e-09
RASIP1	0.466978	8.27e-10	1.31e-09
RGS19	0.46685	8.37e-10	1.33e-09
CNOT3	0.466503	8.65e-10	1.37e-09
PXDN	0.466435	8.71e-10	1.38e-09
NEDD1	0.466283	8.84e-10	1.4e-09
NDUFAF6	0.465856	9.21e-10	1.46e-09
FGGY	0.465802	9.26e-10	1.47e-09
MRPS36	0.465539	9.49e-10	1.5e-09
MYH10	0.465423	9.6e-10	1.52e-09
ITGAM	0.465414	9.61e-10	1.52e-09
ANGPTL2	0.465324	9.69e-10	1.53e-09
GOPC	0.465184	9.82e-10	1.55e-09
UBA5	0.464936	1.01e-09	1.59e-09
SPPL2A	0.464858	1.01e-09	1.6e-09
ITPA	0.464808	1.02e-09	1.61e-09
PLD2	0.464491	1.05e-09	1.66e-09
PTPN1	0.464441	1.05e-09	1.67e-09
RBM3	0.464273	1.07e-09	1.69e-09
CAP1	0.464043	1.1e-09	1.73e-09
GTF3C5	0.463796	1.12e-09	1.77e-09
MBD1	0.463781	1.12e-09	1.77e-09
SGSH	0.463739	1.13e-09	1.78e-09
CDK12	0.463733	1.13e-09	1.78e-09
RABGGTA	0.463643	1.14e-09	1.79e-09
EIF6	0.463288	1.18e-09	1.85e-09
CMTR1	0.463091	1.2e-09	1.89e-09
TMEM259	0.463052	1.2e-09	1.9e-09
PPP1R7	0.462942	1.22e-09	1.91e-09
ACE	0.462912	1.22e-09	1.92e-09
EXOC6	0.462793	1.23e-09	1.94e-09
UBR5	0.462607	1.25e-09	1.97e-09
EMG1	0.462518	1.26e-09	1.99e-09
PDIA6	0.462467	1.27e-09	2e-09
MACF1	0.462437	1.27e-09	2e-09
EIF2B3	0.462318	1.29e-09	2.03e-09
CTTN	0.462118	1.31e-09	2.06e-09
BCLAF1	0.462043	1.32e-09	2.08e-09
PPM1B	0.461658	1.37e-09	2.15e-09
TOP1	0.461628	1.38e-09	2.16e-09
GDI2	0.461545	1.39e-09	2.18e-09
EIF3J	0.461542	1.39e-09	2.18e-09
CDC73	0.461503	1.39e-09	2.18e-09
IPO13	0.46113	1.44e-09	2.26e-09
CRLF3	0.46098	1.46e-09	2.29e-09
DBR1	0.460855	1.48e-09	2.32e-09
YWHAE	0.460539	1.52e-09	2.39e-09
UHRF1BP1L	0.460491	1.53e-09	2.4e-09
PEF1	0.460482	1.53e-09	2.4e-09
TMEM9	0.460467	1.53e-09	2.4e-09
WDR91	0.460452	1.53e-09	2.4e-09
RIOK3	0.460422	1.54e-09	2.41e-09
MRPL45	0.460407	1.54e-09	2.41e-09
TBP	0.460339	1.55e-09	2.43e-09
PRCP	0.460288	1.56e-09	2.44e-09
PHB2	0.459933	1.61e-09	2.52e-09
CHAMP1	0.459843	1.62e-09	2.54e-09
TMEM167A	0.459825	1.63e-09	2.54e-09
TAPBP	0.459727	1.64e-09	2.57e-09
PRPF6	0.459724	1.64e-09	2.57e-09
COL5A2	0.459583	1.66e-09	2.6e-09
TNS1	0.459464	1.68e-09	2.63e-09
AKAP8	0.459461	1.68e-09	2.63e-09
HTRA1	0.459442	1.12e-09	1.76e-09
CARS2	0.459428	1.69e-09	2.63e-09
FBN1	0.459335	1.7e-09	2.66e-09
OIT3	0.459192	1.72e-09	2.69e-09
RRP15	0.459019	1.75e-09	2.73e-09
FOXRED1	0.458783	1.79e-09	2.79e-09
SIN3A	0.458768	1.79e-09	2.8e-09
GBF1	0.458679	1.81e-09	2.82e-09
ITIH1	0.458607	1.82e-09	2.84e-09
DPH2	0.45841	1.85e-09	2.89e-09
TROVE2	0.45841	1.85e-09	2.89e-09
POLR2H	0.458401	1.85e-09	2.89e-09
MMRN2	0.458383	1.86e-09	2.89e-09
AHNAK2	0.458315	1.24e-09	1.95e-09
THOC3	0.458219	1.89e-09	2.94e-09
MAP3K2	0.458102	1.91e-09	2.97e-09
RAB21	0.458016	1.92e-09	2.99e-09
SEC22A	0.457971	1.93e-09	3e-09
UGGT1	0.457679	1.98e-09	3.08e-09
HNRNPL	0.457374	2.04e-09	3.17e-09
PSMD10	0.45727	2.06e-09	3.2e-09
NUP37	0.457195	2.07e-09	3.22e-09
MIER1	0.457192	2.07e-09	3.22e-09
MRPS27	0.457156	2.08e-09	3.23e-09
COQ3	0.457129	2.08e-09	3.24e-09
MSRB2	0.457037	2.1e-09	3.26e-09
WTAP	0.456855	2.14e-09	3.32e-09
CDC16	0.456834	2.14e-09	3.32e-09
NDUFS2	0.456598	2.19e-09	3.39e-09
SETMAR	0.456514	2.2e-09	3.42e-09
IFT122	0.456478	2.21e-09	3.43e-09
THEM4	0.45641	2.23e-09	3.45e-09
METTL15	0.456407	2.23e-09	3.45e-09
PPP2R5C	0.456401	2.23e-09	3.45e-09
NDC1	0.456284	2.25e-09	3.49e-09
DIDO1	0.45615	2.28e-09	3.53e-09
CCDC134	0.455756	2.36e-09	3.66e-09
PTDSS2	0.455753	2.36e-09	3.66e-09
SUCLG1	0.455481	2.42e-09	3.75e-09
ATG9A	0.455344	2.45e-09	3.79e-09
ZNF622	0.45532	2.46e-09	3.8e-09
UPF1	0.455242	2.47e-09	3.82e-09
TRMT5	0.455198	2.48e-09	3.84e-09
ALG11	0.455045	2.52e-09	3.89e-09
SRRT	0.454869	2.56e-09	3.95e-09
DEPDC5	0.454857	2.56e-09	3.96e-09
ATXN2L	0.454702	2.6e-09	4.01e-09
FLOT2	0.454627	2.62e-09	4.04e-09
PKP4	0.454553	2.63e-09	4.06e-09
RBBP5	0.45446	2.66e-09	4.1e-09
BCAS3	0.454323	2.69e-09	4.15e-09
EEA1	0.454195	2.72e-09	4.19e-09
MRM1	0.454096	2.74e-09	4.23e-09
NQO2	0.453929	2.79e-09	4.29e-09
RPAP3	0.453737	1.9e-09	2.95e-09
DCUN1D1	0.453687	2.85e-09	4.39e-09
FUBP3	0.453663	2.85e-09	4.39e-09
ASH2L	0.45366	2.85e-09	4.39e-09
TPM2	0.453547	2.88e-09	4.44e-09
DLG1	0.453311	2.94e-09	4.53e-09
XIAP	0.45323	2.97e-09	4.56e-09
SPNS1	0.4532	2.97e-09	4.57e-09
LAMB2	0.453168	2.98e-09	4.59e-09
AP2A2	0.453057	3.01e-09	4.63e-09
IPO8	0.452956	3.04e-09	4.67e-09
NBN	0.452609	3.14e-09	4.82e-09
NCOA7	0.452502	3.17e-09	4.86e-09
COG2	0.452499	3.17e-09	4.86e-09
ANO6	0.452308	3.22e-09	4.95e-09
CTSL	0.45223	3.24e-09	4.98e-09
PLOD3	0.452111	3.28e-09	5.03e-09
SH3BP2	0.45206	3.29e-09	5.05e-09
GSK3A	0.452	3.31e-09	5.08e-09
FAM210A	0.451899	3.34e-09	5.12e-09
SDF2L1	0.45152	3.46e-09	5.3e-09
LY75	0.451475	3.47e-09	5.32e-09
RABL6	0.451245	3.54e-09	5.43e-09
SDE2	0.451191	3.56e-09	5.45e-09
LAMTOR3	0.450872	3.66e-09	5.61e-09
AAMP	0.450734	3.71e-09	5.67e-09
DNAJB1	0.450648	3.73e-09	5.72e-09
CRELD1	0.450457	3.8e-09	5.81e-09
KALRN	0.450412	3.81e-09	5.83e-09
MTIF2	0.450412	3.81e-09	5.83e-09
GNAI2	0.4502	3.89e-09	5.94e-09
HMBS	0.450027	3.95e-09	6.03e-09
HSPG2	0.450018	3.95e-09	6.03e-09
PGLS	0.449949	3.97e-09	6.07e-09
STAG1	0.449857	4e-09	6.12e-09
STRN3	0.449754	2.73e-09	4.2e-09
PLEC	0.449657	4.08e-09	6.22e-09
UVRAG	0.449489	4.14e-09	6.32e-09
DDX55	0.449298	4.21e-09	6.42e-09
FCN2	0.449259	2.85e-09	4.39e-09
PNPLA7	0.449257	4.22e-09	6.44e-09
NUDCD2	0.449245	4.23e-09	6.45e-09
IRAK1	0.449176	4.25e-09	6.49e-09
CCDC90B	0.449152	4.26e-09	6.5e-09
ORC4	0.448674	4.44e-09	6.78e-09
CHD1	0.448636	4.46e-09	6.8e-09
SIGMAR1	0.448594	4.48e-09	6.82e-09
CKAP5	0.44854	4.5e-09	6.85e-09
UPF2	0.448442	4.54e-09	6.91e-09
RPS6KB1	0.448424	4.54e-09	6.92e-09
CHMP2A	0.448376	4.56e-09	6.95e-09
TMEM179B	0.448173	4.64e-09	7.07e-09
METAP2	0.447982	4.72e-09	7.19e-09
TUBA8	0.447797	4.8e-09	7.3e-09
HCFC1	0.447734	4.83e-09	7.34e-09
PTAR1	0.447713	4.84e-09	7.35e-09
USP24	0.44757	4.9e-09	7.44e-09
FAM98B	0.447531	4.91e-09	7.47e-09
RSRC2	0.447525	4.92e-09	7.47e-09
PTP4A2	0.447501	4.93e-09	7.48e-09
PLXNB2	0.447489	4.93e-09	7.49e-09
NME3	0.447358	4.99e-09	7.57e-09
PLXND1	0.447125	5.09e-09	7.73e-09
C16orf91	0.446958	5.17e-09	7.84e-09
GPRC5C	0.446874	5.2e-09	7.89e-09
SUPT5H	0.446809	5.23e-09	7.94e-09
VEZT	0.446755	5.26e-09	7.97e-09
LRMP	0.446406	5.42e-09	8.21e-09
CAPRIN1	0.446247	5.5e-09	8.33e-09
PTPRA	0.446164	5.54e-09	8.39e-09
AGO3	0.446101	5.57e-09	8.43e-09
NMD3	0.446032	5.6e-09	8.48e-09
ANKZF1	0.445955	5.64e-09	8.53e-09
TMEM181	0.445838	5.69e-09	8.62e-09
FCHO2	0.445728	5.75e-09	8.7e-09
PSME3	0.445605	5.81e-09	8.79e-09
RAB6A	0.445361	5.94e-09	8.98e-09
COA1	0.44528	5.98e-09	9.04e-09
ZC3HAV1	0.445074	6.08e-09	9.2e-09
HECTD3	0.445044	6.1e-09	9.22e-09
CERS2	0.444817	6.22e-09	9.4e-09
MTR	0.444805	6.23e-09	9.41e-09
SRFBP1	0.444778	6.24e-09	9.43e-09
AVEN	0.444704	6.28e-09	9.48e-09
TOMM40L	0.444531	6.38e-09	9.63e-09
PPWD1	0.444435	6.43e-09	9.7e-09
IGBP1	0.444292	6.51e-09	9.82e-09
SYNE1	0.444181	6.57e-09	9.91e-09
LMAN2	0.444143	6.59e-09	9.94e-09
FAM8A1	0.443847	6.76e-09	1.02e-08
TBCC	0.443746	6.82e-09	1.03e-08
SNX2	0.443665	6.87e-09	1.04e-08
LRRC8D	0.443402	7.03e-09	1.06e-08
ZC3H4	0.442563	7.55e-09	1.14e-08
MAN2B1	0.442286	7.74e-09	1.16e-08
HSF1	0.442235	7.77e-09	1.17e-08
RBM22	0.442226	7.78e-09	1.17e-08
SYNE3	0.442135	5.39e-09	8.17e-09
NT5C3B	0.442077	7.88e-09	1.18e-08
PDHB	0.44205	7.89e-09	1.19e-08
DAXX	0.442044	7.9e-09	1.19e-08
GTF3C1	0.44202	7.91e-09	1.19e-08
WRB	0.441984	7.94e-09	1.19e-08
RBM39	0.441981	7.94e-09	1.19e-08
DDX27	0.441963	7.95e-09	1.19e-08
ITSN2	0.441871	8.02e-09	1.2e-08
USP19	0.441847	8.03e-09	1.21e-08
SNX6	0.441841	8.04e-09	1.21e-08
EMILIN2	0.441742	8.1e-09	1.22e-08
PHRF1	0.441638	8.18e-09	1.23e-08
NPNT	0.441563	8.23e-09	1.23e-08
XPO1	0.441548	8.24e-09	1.24e-08
MLXIPL	0.441336	8.39e-09	1.26e-08
SGTA	0.44128	8.43e-09	1.26e-08
MPG	0.441241	8.46e-09	1.27e-08
LEO1	0.441109	8.55e-09	1.28e-08
EIF4EBP1	0.441088	8.57e-09	1.28e-08
TEX264	0.4409	8.71e-09	1.3e-08
RBBP4	0.440793	8.79e-09	1.32e-08
LGMN	0.440518	9e-09	1.35e-08
COX20	0.440465	9.04e-09	1.35e-08
CISD3	0.440363	9.12e-09	1.36e-08
PRPF38A	0.440333	9.14e-09	1.37e-08
RBM19	0.440223	9.22e-09	1.38e-08
DDX47	0.440079	9.34e-09	1.4e-08
FAM45A	0.439808	9.56e-09	1.43e-08
NOC3L	0.439682	9.66e-09	1.44e-08
PARVA	0.439629	9.7e-09	1.45e-08
GNL2	0.439432	9.87e-09	1.47e-08
DTYMK	0.439294	9.98e-09	1.49e-08
SETD1A	0.439252	1e-08	1.5e-08
HBA1	0.439073	1.02e-08	1.52e-08
PDHX	0.439005	1.02e-08	1.53e-08
TMEM175	0.438834	1.04e-08	1.55e-08
COA3	0.438781	1.04e-08	1.55e-08
SUGP1	0.438587	1.06e-08	1.58e-08
POLR3F	0.43856	1.06e-08	1.58e-08
ORM1	0.438533	1.06e-08	1.59e-08
NUP107	0.438503	1.07e-08	1.59e-08
TIA1	0.438467	1.07e-08	1.59e-08
RICTOR	0.438046	1.11e-08	1.65e-08
VDAC1	0.437942	1.12e-08	1.67e-08
C5	0.437939	1.12e-08	1.67e-08
KLHL22	0.437909	1.12e-08	1.67e-08
FKBP3	0.437846	1.13e-08	1.68e-08
CUL1	0.437837	1.13e-08	1.68e-08
PTGES3	0.437237	1.19e-08	1.77e-08
CHMP2B	0.437025	1.21e-08	1.8e-08
SLC2A1	0.436858	1.23e-08	1.82e-08
EIF3E	0.436631	1.25e-08	1.86e-08
YTHDF2	0.436545	1.26e-08	1.87e-08
MAP1S	0.436076	1.31e-08	1.94e-08
PCNT	0.435912	1.33e-08	1.97e-08
POLE4	0.435771	1.34e-08	1.99e-08
TYW1	0.435386	1.39e-08	2.06e-08
PIK3C2A	0.435333	1.39e-08	2.07e-08
UBR3	0.435213	1.41e-08	2.09e-08
KEAP1	0.43518	1.41e-08	2.09e-08
PEX6	0.435174	1.41e-08	2.09e-08
GPR108	0.435046	1.43e-08	2.11e-08
BMI1	0.435007	1.43e-08	2.12e-08
CCAR1	0.434968	1.44e-08	2.13e-08
RBM27	0.434861	1.45e-08	2.15e-08
D2HGDH	0.434819	1.45e-08	2.15e-08
ARHGAP5	0.434482	1.49e-08	2.21e-08
UTP18	0.434475	1.05e-08	1.57e-08
CGGBP1	0.434437	1.5e-08	2.22e-08
TOMM40	0.434109	1.54e-08	2.28e-08
APOO	0.434028	1.55e-08	2.3e-08
GUK1	0.433631	1.6e-08	2.37e-08
SFXN4	0.433598	1.61e-08	2.38e-08
CTSZ	0.433455	1.63e-08	2.41e-08
ZKSCAN1	0.43324	1.66e-08	2.45e-08
TMEM230	0.433195	1.66e-08	2.46e-08
PPIL4	0.433162	1.67e-08	2.46e-08
TRIM33	0.43275	1.73e-08	2.55e-08
REPIN1	0.432467	1.77e-08	2.61e-08
ADD1	0.432431	1.77e-08	2.62e-08
GTF3C2	0.432371	1.78e-08	2.63e-08
DST	0.432368	1.78e-08	2.63e-08
LAMTOR1	0.432335	1.79e-08	2.63e-08
CCDC50	0.431902	1.85e-08	2.73e-08
RELA	0.431864	1.86e-08	2.74e-08
LRCH1	0.431801	1.87e-08	2.75e-08
LAMP1	0.431678	1.89e-08	2.78e-08
NDUFAF4	0.431637	1.89e-08	2.79e-08
RNMT	0.431302	1.94e-08	2.87e-08
ANKHD1	0.431246	1.95e-08	2.88e-08
FUCA2	0.431105	1.98e-08	2.91e-08
DDX28	0.431075	1.98e-08	2.92e-08
CTTNBP2NL	0.431054	1.99e-08	2.92e-08
YTHDF1	0.431016	1.99e-08	2.93e-08
RAD23A	0.430684	2.05e-08	3.01e-08
CLASP1	0.430448	2.09e-08	3.07e-08
VTN	0.430398	2.1e-08	3.08e-08
INPP4A	0.430386	2.1e-08	3.08e-08
GIGYF2	0.430159	2.14e-08	3.14e-08
EIF3A	0.430078	2.15e-08	3.16e-08
FLOT1	0.429359	2.28e-08	3.35e-08
FNTB	0.429021	2.34e-08	3.44e-08
NISCH	0.428923	2.36e-08	3.47e-08
CLNS1A	0.428848	2.38e-08	3.49e-08
PFDN2	0.428815	2.38e-08	3.5e-08
DAG1	0.428657	2.42e-08	3.54e-08
MRPS31	0.428493	2.45e-08	3.59e-08
RGL2	0.428269	2.49e-08	3.66e-08
EED	0.428224	2.5e-08	3.67e-08
UBE2V2	0.428027	2.54e-08	3.73e-08
PJA2	0.427932	2.56e-08	3.75e-08
DHX8	0.427929	2.56e-08	3.75e-08
ATP6V0D1	0.427702	2.61e-08	3.82e-08
ARPC5L	0.427651	2.62e-08	3.84e-08
VAMP2	0.427466	2.66e-08	3.9e-08
LAMA5	0.427353	2.69e-08	3.93e-08
VPS13C	0.427335	2.69e-08	3.94e-08
ARL6IP6	0.427275	2.7e-08	3.95e-08
STT3B	0.427212	2.72e-08	3.97e-08
YTHDF3	0.42715	2.73e-08	3.99e-08
LAMA4	0.427093	2.74e-08	4.01e-08
CD59	0.426973	2.77e-08	4.05e-08
CMC2	0.426854	2.8e-08	4.09e-08
DVL2	0.426332	2.92e-08	4.26e-08
MOSPD2	0.426188	2.95e-08	4.31e-08
CDYL	0.425911	3.02e-08	4.41e-08
AAR2	0.425893	3.02e-08	4.41e-08
PPP1R12C	0.425824	3.04e-08	4.44e-08
TBCD	0.425803	3.05e-08	4.44e-08
ATP11B	0.425785	3.05e-08	4.45e-08
ATRX	0.425639	3.09e-08	4.5e-08
EDEM3	0.42546	3.13e-08	4.56e-08
HEATR5A	0.425412	3.14e-08	4.58e-08
LRPPRC	0.425388	3.15e-08	4.59e-08
UBP1	0.42526	3.18e-08	4.63e-08
AAGAB	0.425149	3.21e-08	4.67e-08
KIF3B	0.425125	3.22e-08	4.68e-08
UGT1A1	0.425113	3.22e-08	4.69e-08
ATG5	0.424967	3.26e-08	4.74e-08
TMEM101	0.424952	3.26e-08	4.74e-08
URI1	0.424898	3.28e-08	4.76e-08
IGFALS	0.424854	3.29e-08	4.78e-08
EIF2S1	0.424794	3.3e-08	4.8e-08
CD180	0.424746	3.32e-08	4.82e-08
HIST1H1A	0.424658	2.42e-08	3.55e-08
PNPLA2	0.424621	3.35e-08	4.87e-08
GGA1	0.424484	3.39e-08	4.92e-08
ATP6V1D	0.424397	3.41e-08	4.95e-08
BMP2K	0.424245	3.45e-08	5.01e-08
RAE1	0.424182	3.47e-08	5.04e-08
ALG14	0.423901	3.55e-08	5.15e-08
XRN2	0.423895	3.55e-08	5.15e-08
PTEN	0.423874	3.56e-08	5.16e-08
SETX	0.42383	3.57e-08	5.18e-08
OXA1L	0.423773	3.59e-08	5.2e-08
SMC1A	0.423713	3.6e-08	5.22e-08
KHDRBS1	0.423627	3.63e-08	5.26e-08
PCCB	0.423534	3.66e-08	5.3e-08
MFF	0.423522	3.66e-08	5.3e-08
RAD1	0.423415	3.69e-08	5.34e-08
RAB3GAP1	0.423391	3.7e-08	5.35e-08
NDRG3	0.423337	3.71e-08	5.37e-08
AP3S1	0.422952	3.83e-08	5.54e-08
NFU1	0.422665	3.92e-08	5.67e-08
TSC1	0.422615	3.93e-08	5.69e-08
RPS6KB2	0.422391	4.01e-08	5.79e-08
COG3	0.422298	4.04e-08	5.83e-08
MAZ	0.422113	4.1e-08	5.92e-08
F2	0.421961	4.15e-08	5.99e-08
MTMR6	0.421824	3.07e-08	4.47e-08
NCBP1	0.421627	3.12e-08	4.54e-08
ANGPTL6	0.421325	4.36e-08	6.3e-08
DAGLB	0.421238	4.39e-08	6.34e-08
RHBDF2	0.421143	4.42e-08	6.39e-08
GDAP2	0.420931	4.5e-08	6.49e-08
STAT5A	0.42054	4.64e-08	6.7e-08
ETF1	0.420426	4.68e-08	6.76e-08
LMBR1	0.420352	4.71e-08	6.8e-08
NBEAL1	0.419949	4.87e-08	7.01e-08
CD163L1	0.419618	3.68e-08	5.32e-08
RP2	0.419268	5.13e-08	7.4e-08
MAPK1IP1L	0.419259	5.14e-08	7.4e-08
TUBG1	0.419202	5.16e-08	7.43e-08
ARIH1	0.419163	5.18e-08	7.46e-08
CS	0.418692	5.37e-08	7.74e-08
ADCK5	0.41865	5.39e-08	7.76e-08
DDX52	0.41862	5.4e-08	7.78e-08
RABAC1	0.418563	5.43e-08	7.81e-08
TPP2	0.418551	5.43e-08	7.82e-08
SP140L	0.418531	5.44e-08	7.83e-08
RAB4A	0.418471	5.47e-08	7.86e-08
CALCOCO2	0.418387	5.5e-08	7.91e-08
PRMT5	0.418331	5.53e-08	7.94e-08
SERBP1	0.418313	5.54e-08	7.95e-08
MRPL38	0.418175	5.6e-08	8.04e-08
UNC119B	0.417933	5.7e-08	8.19e-08
HAX1	0.417635	5.84e-08	8.38e-08
DHX30	0.41719	6.05e-08	8.68e-08
PDPR	0.417089	6.1e-08	8.75e-08
GET4	0.416847	6.21e-08	8.91e-08
TCP1	0.416838	6.22e-08	8.92e-08
RRP8	0.416638	6.32e-08	9.06e-08
TMED4	0.41622	6.53e-08	9.36e-08
PPIH	0.416115	6.58e-08	9.43e-08
NRF1	0.415951	6.66e-08	9.55e-08
SRD5A1	0.415823	5.01e-08	7.23e-08
PWP2	0.415811	6.74e-08	9.65e-08
NEMF	0.415399	6.96e-08	9.97e-08
SMARCA5	0.415238	7.05e-08	1.01e-07
LRRC14	0.415008	7.17e-08	1.03e-07
TLN1	0.41479	7.3e-08	1.04e-07
HIST1H1B	0.414731	5.48e-08	7.87e-08
RCN3	0.414652	7.38e-08	1.06e-07
EFEMP2	0.414521	7.45e-08	1.07e-07
YES1	0.414306	7.58e-08	1.08e-07
UBE2E3	0.414184	7.65e-08	1.09e-07
GGCT	0.414115	7.69e-08	1.1e-07
GTF3C3	0.413867	7.84e-08	1.12e-07
SIL1	0.413829	7.86e-08	1.12e-07
SNRPF	0.41376	7.91e-08	1.13e-07
TMTC3	0.413754	7.91e-08	1.13e-07
LRCH3	0.413506	8.06e-08	1.15e-07
PUS10	0.413411	8.12e-08	1.16e-07
NOP58	0.413357	8.16e-08	1.16e-07
POFUT2	0.4129	8.45e-08	1.21e-07
FAM208A	0.412661	8.61e-08	1.23e-07
CCT8	0.412461	8.74e-08	1.25e-07
STRAP	0.412398	8.79e-08	1.25e-07
EDF1	0.412324	8.84e-08	1.26e-07
AP3B1	0.412166	8.95e-08	1.28e-07
CFH	0.411909	9.12e-08	1.3e-07
GPATCH8	0.411789	9.21e-08	1.31e-07
C9	0.411709	9.27e-08	1.32e-07
PPM1F	0.411697	9.28e-08	1.32e-07
GTPBP3	0.411578	9.36e-08	1.33e-07
MPP5	0.411578	9.36e-08	1.33e-07
PPIB	0.411467	9.44e-08	1.34e-07
CPN2	0.411372	9.51e-08	1.35e-07
GLRX	0.411261	9.59e-08	1.36e-07
PGLYRP2	0.411261	9.59e-08	1.36e-07
COG7	0.411255	9.6e-08	1.36e-07
SRSF3	0.411234	9.61e-08	1.37e-07
C5orf51	0.410968	9.81e-08	1.39e-07
DHRS3	0.41084	9.91e-08	1.41e-07
TJAP1	0.410765	9.97e-08	1.41e-07
MGAT1	0.410733	9.99e-08	1.42e-07
SEC61A1	0.410679	1e-07	1.42e-07
MORF4L2	0.41058	1.01e-07	1.43e-07
CD4	0.410574	1.01e-07	1.43e-07
SPTAN1	0.410551	1.01e-07	1.44e-07
XRCC5	0.410407	1.02e-07	1.45e-07
TANK	0.41015	1.04e-07	1.48e-07
WDR59	0.410121	1.05e-07	1.48e-07
VPS45	0.410043	1.05e-07	1.49e-07
SOS1	0.409933	1.06e-07	1.5e-07
MADD	0.409918	1.06e-07	1.51e-07
YBX1	0.409789	1.07e-07	1.52e-07
PNPT1	0.409741	1.08e-07	1.53e-07
STK4	0.409473	1.1e-07	1.56e-07
PIK3CA	0.40938	1.11e-07	1.57e-07
RXRB	0.409338	1.11e-07	1.57e-07
PLD3	0.409195	1.12e-07	1.59e-07
ARIH2	0.409118	1.13e-07	1.6e-07
SPECC1L	0.409094	1.13e-07	1.6e-07
KDM1A	0.409043	1.14e-07	1.61e-07
FBL	0.408912	1.15e-07	1.62e-07
ARMC10	0.408628	1.17e-07	1.66e-07
CAPZB	0.408604	1.18e-07	1.66e-07
USP34	0.408595	1.18e-07	1.66e-07
FCN3	0.40858	1.18e-07	1.66e-07
MAP2K7	0.408437	1.19e-07	1.68e-07
CENPB	0.408419	1.19e-07	1.68e-07
KTI12	0.408416	1.19e-07	1.68e-07
LSM14A	0.408404	1.19e-07	1.68e-07
MMRN1	0.408403	9.09e-08	1.3e-07
GTF2H1	0.408323	1.2e-07	1.69e-07
CNOT7	0.408183	1.21e-07	1.71e-07
NRBP1	0.408105	1.22e-07	1.72e-07
SPAST	0.408088	1.22e-07	1.72e-07
MORC3	0.407888	9.47e-08	1.35e-07
CDV3	0.40769	1.26e-07	1.78e-07
TNPO3	0.407311	1.3e-07	1.83e-07
UBR4	0.406926	1.34e-07	1.88e-07
PPT1	0.406789	1.35e-07	1.9e-07
AGAP3	0.406475	1.38e-07	1.95e-07
SON	0.406475	1.38e-07	1.95e-07
RUFY2	0.406428	1.39e-07	1.95e-07
ACIN1	0.406356	1.4e-07	1.96e-07
PRKAB2	0.406341	1.4e-07	1.96e-07
SLC25A3	0.406251	1.41e-07	1.98e-07
BNIP1	0.40618	1.41e-07	1.99e-07
ATG2A	0.406162	1.42e-07	1.99e-07
FNBP4	0.406141	1.42e-07	1.99e-07
SMG8	0.406093	1.42e-07	2e-07
URGCP	0.405962	1.44e-07	2.02e-07
CAPN7	0.40581	1.45e-07	2.04e-07
PRPF8	0.40575	1.46e-07	2.05e-07
PIP5K1C	0.405705	1.47e-07	2.06e-07
MPHOSPH10	0.405696	1.47e-07	2.06e-07
DDX56	0.405634	1.47e-07	2.07e-07
BICD2	0.405628	1.13e-07	1.6e-07
TIMM50	0.405574	1.48e-07	2.08e-07
GYG2	0.405541	1.48e-07	2.08e-07
MAT2A	0.405529	1.49e-07	2.08e-07
NDUFAB1	0.405311	1.51e-07	2.12e-07
OAF	0.40529	1.51e-07	2.12e-07
TSPAN9	0.405239	1.52e-07	2.13e-07
SAP30BP	0.405108	1.53e-07	2.15e-07
NME6	0.405039	1.54e-07	2.16e-07
TUT1	0.405039	1.54e-07	2.16e-07
ZFPL1	0.405004	1.55e-07	2.16e-07
NOL10	0.404938	1.19e-07	1.68e-07
DNAJC19	0.40489	1.56e-07	2.18e-07
ZNF428	0.40481	1.57e-07	2.19e-07
ARL5B	0.404726	1.58e-07	2.21e-07
SRSF6	0.404006	1.67e-07	2.33e-07
PANK2	0.403953	1.67e-07	2.34e-07
EIF2B1	0.403902	1.68e-07	2.35e-07
WDR12	0.403821	1.69e-07	2.36e-07
SNRNP200	0.403556	1.72e-07	2.41e-07
CDK4	0.403296	1.76e-07	2.46e-07
VKORC1L1	0.403132	1.78e-07	2.49e-07
H2AFX	0.403096	1.79e-07	2.49e-07
PPOX	0.402994	1.8e-07	2.51e-07
AP1B1	0.402965	1.8e-07	2.51e-07
RAPGEF6	0.402759	1.83e-07	2.55e-07
CREBBP	0.402639	1.85e-07	2.58e-07
OSBPL8	0.402487	1.87e-07	2.6e-07
TMEM50B	0.402454	1.87e-07	2.61e-07
SPRYD7	0.402152	1.92e-07	2.67e-07
DDX17	0.401743	1.98e-07	2.75e-07
NCLN	0.401717	1.98e-07	2.76e-07
EIF3D	0.401684	1.98e-07	2.76e-07
VCL	0.401382	2.03e-07	2.83e-07
MRPL13	0.401364	2.03e-07	2.83e-07
FN1	0.401326	2.04e-07	2.84e-07
LYRM7	0.401299	2.04e-07	2.84e-07
THOC1	0.401093	2.07e-07	2.88e-07
NAIP	0.401039	2.08e-07	2.9e-07
MECP2	0.40103	2.08e-07	2.9e-07
SUN2	0.400955	2.1e-07	2.91e-07
TRAPPC10	0.400937	2.1e-07	2.92e-07
ZDHHC5	0.400827	2.12e-07	2.94e-07
PCYT1A	0.400785	2.12e-07	2.95e-07
EHD2	0.400752	2.13e-07	2.95e-07
HSPE1	0.400717	2.13e-07	2.96e-07
SMTN	0.400705	2.14e-07	2.96e-07
DAP3	0.400469	2.17e-07	3.02e-07
LUC7L	0.400427	2.18e-07	3.02e-07
TRAPPC8	0.40009	2.24e-07	3.1e-07
CDC5L	0.399922	2.26e-07	3.14e-07
JAGN1	0.399863	2.27e-07	3.15e-07
DCPS	0.399842	2.28e-07	3.16e-07
MEPCE	0.399839	2.28e-07	3.16e-07
EIF2A	0.399579	2.32e-07	3.22e-07
METTL3	0.399558	2.33e-07	3.22e-07
RPTOR	0.399549	2.33e-07	3.22e-07
HINT1	0.399534	2.33e-07	3.23e-07
PPHLN1	0.399516	2.33e-07	3.23e-07
TRABD	0.39946	2.34e-07	3.24e-07
COX11	0.399301	2.37e-07	3.28e-07
SIRT1	0.399286	2.37e-07	3.28e-07
MRPL12	0.399075	2.41e-07	3.33e-07
TMF1	0.399042	2.42e-07	3.34e-07
MRPL1	0.398788	2.46e-07	3.4e-07
C7orf25	0.398573	2.5e-07	3.46e-07
FBLN1	0.398561	2.5e-07	3.46e-07
PPAN	0.398445	2.53e-07	3.49e-07
C8G	0.398292	2.55e-07	3.53e-07
UIMC1	0.398265	2.56e-07	3.53e-07
PGRMC2	0.398209	2.57e-07	3.55e-07
MOB2	0.398107	2.59e-07	3.57e-07
ATP6V0C	0.397931	2.62e-07	3.62e-07
CBX8	0.397907	2.63e-07	3.63e-07
COQ5	0.397898	2.63e-07	3.63e-07
ATL2	0.397836	2.64e-07	3.64e-07
TXNL4A	0.397827	2.64e-07	3.64e-07
CCDC127	0.397674	2.67e-07	3.68e-07
USP9X	0.397624	2.68e-07	3.7e-07
C8A	0.397585	2.69e-07	3.71e-07
PABPN1	0.397513	2.71e-07	3.73e-07
NUP205	0.397391	2.73e-07	3.76e-07
APAF1	0.397271	2.75e-07	3.79e-07
DDX49	0.397265	2.76e-07	3.79e-07
RTN4	0.397218	2.76e-07	3.81e-07
RNF25	0.396994	2.81e-07	3.87e-07
ABI1	0.39697	2.82e-07	3.87e-07
TOR2A	0.396671	2.88e-07	3.96e-07
C19orf53	0.39654	2.91e-07	4e-07
HLA-B	0.39648	2.92e-07	4.01e-07
PRDX4	0.396471	2.92e-07	4.01e-07
ANAPC1	0.396456	2.92e-07	4.02e-07
ARHGEF7	0.396364	2.94e-07	4.05e-07
CNRIP1	0.395886	3.05e-07	4.19e-07
DDX39B	0.395856	3.06e-07	4.2e-07
HNRNPK	0.395746	3.08e-07	4.23e-07
CPSF1	0.395611	3.11e-07	4.27e-07
ENOSF1	0.395486	3.14e-07	4.31e-07
PDAP1	0.395441	3.15e-07	4.32e-07
USP16	0.395355	3.17e-07	4.35e-07
BMS1	0.395125	3.22e-07	4.42e-07
ANKRD13A	0.39511	3.23e-07	4.43e-07
CDK7	0.394904	3.28e-07	4.49e-07
DCAF7	0.394904	3.28e-07	4.49e-07
RUVBL2	0.394841	3.29e-07	4.51e-07
MLEC	0.39459	3.35e-07	4.59e-07
STK11IP	0.394274	3.43e-07	4.7e-07
PBDC1	0.394131	3.47e-07	4.75e-07
SNRPA	0.394077	3.48e-07	4.77e-07
PTK2B	0.394008	3.5e-07	4.79e-07
WDR3	0.393957	3.51e-07	4.81e-07
LAMC1	0.393883	3.53e-07	4.83e-07
ATG3	0.393462	3.64e-07	4.98e-07
MFSD1	0.393375	3.66e-07	5.01e-07
MRPL22	0.392856	3.81e-07	5.2e-07
RNF149	0.392832	3.81e-07	5.21e-07
CIC	0.392695	3.85e-07	5.26e-07
MRPS7	0.392605	3.88e-07	5.29e-07
ARFGAP1	0.392307	3.96e-07	5.41e-07
FAM120A	0.392235	3.98e-07	5.44e-07
PARL	0.391999	4.05e-07	5.53e-07
FYTTD1	0.391984	4.05e-07	5.53e-07
HNRNPC	0.391772	4.12e-07	5.62e-07
PRKRIP1	0.391766	4.12e-07	5.62e-07
USP15	0.391471	4.21e-07	5.74e-07
ULK3	0.391426	4.22e-07	5.76e-07
THOC5	0.391423	4.22e-07	5.76e-07
TPT1	0.391411	4.23e-07	5.76e-07
TBL1XR1	0.391262	4.27e-07	5.82e-07
MPRIP	0.391124	4.31e-07	5.88e-07
METTL13	0.390915	4.38e-07	5.97e-07
ACTR1B	0.390715	4.44e-07	6.05e-07
OSBPL2	0.390688	4.45e-07	6.06e-07
PRKD2	0.390497	4.51e-07	6.15e-07
VAPA	0.390285	4.58e-07	6.24e-07
HSPBP1	0.389957	4.69e-07	6.39e-07
CDK11B	0.389939	4.7e-07	6.39e-07
ZFR	0.389226	4.95e-07	6.73e-07
KPNA4	0.38919	4.96e-07	6.74e-07
RECQL5	0.389151	4.97e-07	6.76e-07
ATP1A1	0.388637	5.16e-07	7.01e-07
CEP44	0.388536	4.17e-07	5.69e-07
NELFB	0.388434	5.24e-07	7.12e-07
DDX24	0.388357	5.27e-07	7.15e-07
ATP6V0A1	0.388309	5.28e-07	7.18e-07
ARPP19	0.388279	5.3e-07	7.19e-07
ZRANB2	0.388139	5.35e-07	7.26e-07
DDX5	0.388019	5.4e-07	7.32e-07
ETFB	0.387828	5.47e-07	7.42e-07
SMARCB1	0.387796	5.48e-07	7.44e-07
MTOR	0.387751	5.5e-07	7.46e-07
HMGB1	0.387602	5.56e-07	7.54e-07
TFE3	0.387551	5.58e-07	7.56e-07
RAB24	0.387396	5.64e-07	7.65e-07
MINK1	0.387181	5.73e-07	7.76e-07
TBC1D17	0.387103	5.76e-07	7.81e-07
EIF1B	0.386879	5.85e-07	7.93e-07
NANS	0.386733	5.91e-07	8.01e-07
SLC4A1AP	0.386691	5.93e-07	8.03e-07
HNRNPA2B1	0.386572	5.98e-07	8.1e-07
CXorf38	0.38653	6e-07	8.12e-07
NOP14	0.386363	6.07e-07	8.22e-07
CPB2	0.386318	6.09e-07	8.24e-07
CASC4	0.386285	6.11e-07	8.26e-07
FAM207A	0.386109	6.18e-07	8.36e-07
SP3	0.385682	6.37e-07	8.62e-07
HSP90AA1	0.385524	6.45e-07	8.71e-07
UBE2F	0.385294	6.55e-07	8.86e-07
ARF6	0.384804	6.78e-07	9.17e-07
CTCF	0.384727	6.82e-07	9.22e-07
HBB	0.384524	6.92e-07	9.34e-07
PTCD3	0.384488	6.94e-07	9.37e-07
ATP9B	0.384377	6.99e-07	9.44e-07
DHX16	0.384282	7.04e-07	9.5e-07
MYD88	0.384258	7.05e-07	9.51e-07
KCTD10	0.384222	7.07e-07	9.54e-07
BAZ2A	0.383607	7.38e-07	9.96e-07
PAIP2	0.383598	7.39e-07	9.96e-07
RPS4X	0.383556	7.41e-07	9.99e-07
NOL11	0.383491	7.45e-07	1e-06
XRN1	0.383374	7.51e-07	1.01e-06
HDAC10	0.383222	7.59e-07	1.02e-06
YTHDC1	0.383031	7.69e-07	1.04e-06
UBR2	0.38295	7.73e-07	1.04e-06
AP4E1	0.382947	7.74e-07	1.04e-06
UBE2A	0.382786	7.82e-07	1.05e-06
MFN1	0.382538	7.96e-07	1.07e-06
VPS26A	0.38238	8.05e-07	1.08e-06
RAB5B	0.382273	8.11e-07	1.09e-06
DTNB	0.38215	8.18e-07	1.1e-06
YWHAG	0.382043	8.25e-07	1.11e-06
USP28	0.381971	8.29e-07	1.11e-06
ING1	0.381917	8.32e-07	1.12e-06
PHKB	0.381741	6.87e-07	9.28e-07
NF2	0.381455	8.59e-07	1.15e-06
ITGA4	0.38106	8.83e-07	1.19e-06
TIMM23	0.380514	9.18e-07	1.23e-06
CAND1	0.380251	9.35e-07	1.26e-06
NSL1	0.380213	9.37e-07	1.26e-06
MANF	0.380111	9.44e-07	1.27e-06
MTMR1	0.380004	9.51e-07	1.28e-06
POM121C	0.379824	9.63e-07	1.29e-06
DARS	0.379762	9.67e-07	1.3e-06
SENP3	0.379615	9.77e-07	1.31e-06
BTF3	0.379607	9.78e-07	1.31e-06
UBE3B	0.379454	9.88e-07	1.32e-06
MEMO1	0.379451	9.89e-07	1.32e-06
NAGA	0.379409	9.91e-07	1.33e-06
ACTR5	0.379302	9.99e-07	1.34e-06
EIF2S2	0.379075	1.01e-06	1.36e-06
DUS2	0.378917	1.03e-06	1.37e-06
WASL	0.378597	1.05e-06	1.4e-06
SLC35A4	0.378197	1.08e-06	1.44e-06
YIF1B	0.378132	1.08e-06	1.45e-06
MRPL10	0.378042	1.09e-06	1.46e-06
NUP93	0.377905	1.1e-06	1.47e-06
IAH1	0.377851	1.1e-06	1.48e-06
POLR2D	0.377836	1.11e-06	1.48e-06
FGA	0.377621	1.12e-06	1.5e-06
ATP6V1H	0.377544	1.13e-06	1.51e-06
PRPF4	0.377347	1.14e-06	1.53e-06
PBRM1	0.377221	1.15e-06	1.54e-06
SEPT9	0.37717	1.16e-06	1.55e-06
ACTR3	0.376914	1.18e-06	1.57e-06
NAPEPLD	0.376902	1.18e-06	1.58e-06
PPCDC	0.376887	1.18e-06	1.58e-06
MRPS23	0.376872	1.18e-06	1.58e-06
ACAP2	0.376815	1.19e-06	1.58e-06
PROS1	0.37654	1.21e-06	1.61e-06
FTO	0.375934	1.26e-06	1.68e-06
C15orf40	0.375672	1.28e-06	1.71e-06
COQ4	0.375657	1.29e-06	1.71e-06
POLR3C	0.3756	1.29e-06	1.72e-06
HIRA	0.375415	1.31e-06	1.74e-06
PPIA	0.375328	1.32e-06	1.75e-06
DCAF5	0.375284	1.32e-06	1.76e-06
CLDN5	0.375015	1.34e-06	1.79e-06
RHOT1	0.374695	1.37e-06	1.83e-06
CNNM4	0.37457	1.39e-06	1.84e-06
CNPY2	0.374534	1.39e-06	1.85e-06
CLINT1	0.374516	1.39e-06	1.85e-06
DOCK7	0.374281	1.41e-06	1.88e-06
AUP1	0.374194	1.42e-06	1.89e-06
CRTAP	0.373543	1.49e-06	1.98e-06
CPSF7	0.373495	1.49e-06	1.98e-06
MTIF3	0.37343	1.5e-06	1.99e-06
POLG	0.373095	1.53e-06	2.04e-06
MIA2	0.373059	1.54e-06	2.04e-06
PAFAH1B2	0.372719	1.57e-06	2.09e-06
C12orf73	0.3726	1.59e-06	2.11e-06
RAB22A	0.372575	1.32e-06	1.76e-06
SURF6	0.37257	1.59e-06	2.11e-06
NPTN	0.372513	1.6e-06	2.12e-06
MRPL24	0.372412	1.61e-06	2.13e-06
DDX41	0.372259	1.62e-06	2.15e-06
KIFAP3	0.371477	1.71e-06	2.27e-06
MAVS	0.371301	1.73e-06	2.3e-06
RBM15B	0.371107	1.76e-06	2.33e-06
EIF1AD	0.371089	1.76e-06	2.33e-06
MATR3	0.371047	1.76e-06	2.34e-06
TRMT61A	0.370946	1.77e-06	2.35e-06
RPL10A	0.370289	1.86e-06	2.46e-06
TRIM5	0.370152	1.87e-06	2.48e-06
ZNF148	0.369871	1.91e-06	2.53e-06
DDX23	0.369743	1.93e-06	2.55e-06
BRAT1	0.369638	1.94e-06	2.57e-06
KLC4	0.36959	1.95e-06	2.57e-06
ELP4	0.369438	1.97e-06	2.6e-06
CHM	0.369259	1.99e-06	2.63e-06
MAN2A2	0.369062	2.02e-06	2.66e-06
CNBP	0.369038	2.02e-06	2.67e-06
TXNDC17	0.368898	2.04e-06	2.69e-06
USP12	0.368877	2.04e-06	2.7e-06
SRCAP	0.368862	2.04e-06	2.7e-06
CXorf56	0.368593	2.08e-06	2.75e-06
TRMT2A	0.368136	2.15e-06	2.83e-06
SRSF1	0.367453	2.25e-06	2.97e-06
TAOK1	0.367295	2.27e-06	3e-06
EIF4E2	0.36725	2.28e-06	3e-06
KCMF1	0.366966	2.32e-06	3.06e-06
SERPINA1	0.366951	2.32e-06	3.06e-06
LRRC41	0.366901	2.33e-06	3.07e-06
COL4A2	0.366834	1.98e-06	2.61e-06
MBD2	0.366802	2.35e-06	3.09e-06
UTP20	0.366778	2.35e-06	3.1e-06
API5	0.366396	2.41e-06	3.18e-06
POLR2B	0.366345	2.42e-06	3.19e-06
LIG4	0.366241	2.44e-06	3.21e-06
ATP6AP1	0.365915	2.49e-06	3.28e-06
TSEN34	0.365882	2.5e-06	3.29e-06
VTI1A	0.365763	2.52e-06	3.31e-06
CDK17	0.365757	2.52e-06	3.31e-06
SPEN	0.365697	2.53e-06	3.32e-06
PAM16	0.365411	2.58e-06	3.39e-06
GLG1	0.365181	2.62e-06	3.44e-06
SMPD4	0.364879	2.67e-06	3.51e-06
CHCHD3	0.36487	2.67e-06	3.51e-06
SBF1	0.36453	2.73e-06	3.59e-06
COL4A1	0.364369	2.76e-06	3.63e-06
RNF181	0.364366	2.76e-06	3.63e-06
KDM5C	0.36436	2.76e-06	3.63e-06
STRIP1	0.364318	2.77e-06	3.64e-06
RBM28	0.363727	2.88e-06	3.78e-06
STARD7	0.363709	2.88e-06	3.79e-06
TNPO1	0.363551	2.91e-06	3.83e-06
RRP7A	0.363467	2.93e-06	3.85e-06
ALDH3B1	0.363399	2.94e-06	3.86e-06
CWC27	0.363369	2.95e-06	3.87e-06
SYNJ1	0.363109	3e-06	3.94e-06
ARPC5	0.362724	3.08e-06	4.04e-06
CEBPZ	0.362697	3.08e-06	4.04e-06
SF3A2	0.362625	3.1e-06	4.06e-06
LMNB2	0.362584	3.11e-06	4.07e-06
CHTOP	0.362476	3.13e-06	4.1e-06
TMEM41B	0.361963	3.24e-06	4.24e-06
ENTPD1	0.361607	3.31e-06	4.34e-06
MUL1	0.361566	3.32e-06	4.35e-06
UBXN1	0.361548	3.33e-06	4.35e-06
ABHD10	0.361512	3.34e-06	4.36e-06
MYO19	0.361222	3.4e-06	4.45e-06
SUDS3	0.361219	3.4e-06	4.45e-06
NHLRC3	0.361103	3.43e-06	4.48e-06
GSN	0.361094	3.43e-06	4.48e-06
SMARCE1	0.361025	3.44e-06	4.5e-06
BLOC1S4	0.360983	3.45e-06	4.51e-06
WDR81	0.360906	3.47e-06	4.53e-06
SNRPA1	0.360718	3.51e-06	4.59e-06
DAZAP1	0.36053	3.56e-06	4.65e-06
RABGGTB	0.360521	3.56e-06	4.65e-06
ALG12	0.360374	3.59e-06	4.69e-06
SMU1	0.360273	3.62e-06	4.72e-06
PQBP1	0.360261	3.62e-06	4.73e-06
SDR39U1	0.360124	3.65e-06	4.77e-06
VWA1	0.360112	3.66e-06	4.77e-06
RPS9	0.359989	3.69e-06	4.81e-06
TRAF7	0.359703	3.76e-06	4.9e-06
H2AFV	0.359559	3.79e-06	4.94e-06
HEATR1	0.359506	3.81e-06	4.96e-06
WDR13	0.359455	3.82e-06	4.97e-06
MAN2C1	0.359013	3.93e-06	5.12e-06
RSU1	0.35901	3.93e-06	5.12e-06
VPS72	0.358765	3.99e-06	5.2e-06
PPP2CB	0.358723	4e-06	5.21e-06
AMBP	0.358658	4.02e-06	5.23e-06
CAV1	0.358541	4.05e-06	5.27e-06
DYNC1LI2	0.358452	4.08e-06	5.3e-06
NIP7	0.358267	4.13e-06	5.37e-06
CSTF2	0.357911	4.22e-06	5.49e-06
APC	0.357741	4.27e-06	5.55e-06
ORM2	0.357535	4.33e-06	5.62e-06
AGFG1	0.357464	4.35e-06	5.65e-06
YIPF5	0.357365	4.38e-06	5.68e-06
DNAJC13	0.357332	4.38e-06	5.7e-06
PROX1	0.357305	4.39e-06	5.7e-06
RING1	0.357305	4.39e-06	5.7e-06
OSGEP	0.357132	4.44e-06	5.77e-06
NELFCD	0.357049	4.47e-06	5.8e-06
MTFR1L	0.357019	4.47e-06	5.81e-06
MED20	0.356443	4.65e-06	6.03e-06
MAN1A2	0.356231	4.71e-06	6.11e-06
UACA	0.35621	4.72e-06	6.12e-06
VPS18	0.356114	4.75e-06	6.15e-06
TMEM160	0.355938	4.8e-06	6.22e-06
MPHOSPH6	0.355768	4.85e-06	6.29e-06
SH3D19	0.354959	5.11e-06	6.63e-06
FKBP2	0.354938	5.12e-06	6.63e-06
RBM14	0.354851	5.15e-06	6.67e-06
COQ10B	0.354395	5.3e-06	6.87e-06
SRP14	0.354123	5.4e-06	6.99e-06
NUP85	0.353956	5.45e-06	7.06e-06
C6	0.353902	5.47e-06	7.08e-06
EXOSC6	0.353774	5.52e-06	7.14e-06
PNN	0.353753	5.53e-06	7.15e-06
PABPC1	0.353708	5.54e-06	7.17e-06
TBK1	0.353538	5.6e-06	7.24e-06
EIF3B	0.353359	5.67e-06	7.33e-06
NME1	0.353275	5.7e-06	7.36e-06
MLX	0.353012	5.79e-06	7.49e-06
TRAPPC4	0.352815	5.87e-06	7.58e-06
YOD1	0.352765	5.89e-06	7.6e-06
PRDX5	0.352735	5.9e-06	7.62e-06
GANAB	0.352723	5.9e-06	7.62e-06
SLC25A17	0.35243	6.01e-06	7.76e-06
HUWE1	0.351917	6.22e-06	8.02e-06
EPG5	0.351717	6.3e-06	8.12e-06
CNOT2	0.351555	6.36e-06	8.2e-06
NME2	0.35154	6.37e-06	8.21e-06
VPS28	0.351209	6.5e-06	8.38e-06
ADARB1	0.351182	6.51e-06	8.4e-06
AP5Z1	0.351069	6.56e-06	8.46e-06
OSTF1	0.351053	5.71e-06	7.38e-06
PNO1	0.350815	6.67e-06	8.59e-06
ANAPC4	0.350809	6.67e-06	8.59e-06
IMMT	0.35069	6.72e-06	8.66e-06
MTG1	0.350645	6.74e-06	8.68e-06
H3F3A	0.35057	6.77e-06	8.72e-06
GTPBP10	0.350472	6.81e-06	8.77e-06
SERPINF2	0.350442	6.83e-06	8.79e-06
SMC6	0.350406	6.84e-06	8.81e-06
CHD4	0.350293	6.89e-06	8.87e-06
DYNLL1	0.349824	7.1e-06	9.13e-06
ACOT8	0.349812	7.11e-06	9.14e-06
RABL3	0.349746	7.14e-06	9.17e-06
RBM15	0.349684	7.16e-06	9.21e-06
TAB1	0.349669	7.17e-06	9.22e-06
BOLA1	0.349606	7.2e-06	9.25e-06
SCAMP2	0.349448	7.27e-06	9.34e-06
GNAQ	0.349269	7.36e-06	9.45e-06
TFIP11	0.349224	7.38e-06	9.47e-06
FOCAD	0.349206	7.38e-06	9.48e-06
ARPC2	0.349089	7.44e-06	9.55e-06
DDX54	0.34866	7.64e-06	9.81e-06
CETN2	0.34863	7.66e-06	9.83e-06
TM9SF4	0.348621	7.66e-06	9.83e-06
MED23	0.348403	7.77e-06	9.96e-06
HNRNPH1	0.34837	7.79e-06	9.98e-06
WDR74	0.348271	7.83e-06	1e-05
RPIA	0.348209	7.87e-06	1.01e-05
TMEM87A	0.348161	7.89e-06	1.01e-05
RMDN1	0.348056	7.94e-06	1.02e-05
AP2A1	0.347991	7.97e-06	1.02e-05
UBA3	0.347961	7.99e-06	1.02e-05
EEF2	0.347427	8.26e-06	1.06e-05
TMPPE	0.347415	8.27e-06	1.06e-05
TIMM17A	0.346844	8.57e-06	1.1e-05
GSTM2	0.346426	8.8e-06	1.13e-05
WDR55	0.346394	8.82e-06	1.13e-05
RABIF	0.345725	8.06e-06	1.03e-05
PHKG2	0.345689	9.22e-06	1.18e-05
ZNF638	0.345495	9.33e-06	1.19e-05
HAUS4	0.345456	9.35e-06	1.2e-05
MALSU1	0.345301	9.44e-06	1.21e-05
RAB18	0.345095	9.56e-06	1.22e-05
SECISBP2L	0.34508	9.57e-06	1.22e-05
TRIM26	0.345068	9.58e-06	1.22e-05
ARMC8	0.344973	9.64e-06	1.23e-05
EIF4H	0.344698	9.8e-06	1.25e-05
CTDSPL2	0.344653	9.83e-06	1.25e-05
CLEC16A	0.344468	9.95e-06	1.27e-05
MORF4L1	0.344277	1.01e-05	1.28e-05
AKT1S1	0.344265	1.01e-05	1.28e-05
TRRAP	0.344211	1.01e-05	1.29e-05
SUMO1	0.344119	1.02e-05	1.3e-05
SLMAP	0.344086	1.02e-05	1.3e-05
KLKB1	0.344032	1.02e-05	1.3e-05
PDCD6IP	0.343889	1.03e-05	1.31e-05
CUL3	0.343856	1.03e-05	1.32e-05
PPP1R8	0.343593	1.05e-05	1.34e-05
ORMDL3	0.343271	1.07e-05	1.36e-05
KRIT1	0.343178	1.08e-05	1.37e-05
SBF2	0.343169	1.08e-05	1.37e-05
AKAP8L	0.343023	1.09e-05	1.38e-05
COMMD1	0.342999	1.09e-05	1.39e-05
DMXL2	0.342877	1.1e-05	1.4e-05
RNH1	0.342838	1.1e-05	1.4e-05
EXT2	0.342468	1.13e-05	1.43e-05
PUM2	0.341781	1.18e-05	1.49e-05
WIZ	0.341742	1.18e-05	1.5e-05
CETP	0.341402	1.2e-05	1.53e-05
LMF2	0.341199	1.22e-05	1.55e-05
NEDD8	0.340909	1.24e-05	1.58e-05
GPX4	0.340688	1.26e-05	1.6e-05
HNRNPM	0.340471	1.27e-05	1.62e-05
ALG6	0.340435	1.28e-05	1.62e-05
ILK	0.340375	1.28e-05	1.63e-05
INPP5B	0.3403	1.29e-05	1.63e-05
TNRC6B	0.340076	1.31e-05	1.66e-05
EXOSC9	0.340056	1.31e-05	1.66e-05
HSPB11	0.340023	1.31e-05	1.66e-05
EHD3	0.339832	1.33e-05	1.68e-05
BANF1	0.339658	1.34e-05	1.7e-05
C19orf25	0.339479	1.35e-05	1.72e-05
STRN	0.339339	1.37e-05	1.73e-05
PICALM	0.33933	1.37e-05	1.73e-05
NFKBIB	0.339285	1.37e-05	1.74e-05
NSMCE2	0.339267	1.37e-05	1.74e-05
TWF1	0.339211	1.38e-05	1.74e-05
PMPCB	0.338425	1.44e-05	1.83e-05
COPE	0.338396	1.45e-05	1.83e-05
RSF1	0.338309	1.45e-05	1.84e-05
ARAP1	0.338157	1.47e-05	1.86e-05
RPL7L1	0.338118	1.47e-05	1.86e-05
SERINC1	0.337843	1.5e-05	1.89e-05
GTF2B	0.337807	1.5e-05	1.9e-05
U2AF2	0.337473	1.53e-05	1.93e-05
PPP1CA	0.337076	1.57e-05	1.98e-05
PSMD4	0.336933	1.58e-05	2e-05
C11orf58	0.336858	1.59e-05	2.01e-05
ITGAL	0.336795	1.6e-05	2.01e-05
NDUFAF1	0.336592	1.61e-05	2.04e-05
NOL8	0.336578	1.62e-05	2.04e-05
RAPGEF1	0.336252	1.65e-05	2.08e-05
TMEM11	0.336231	1.65e-05	2.08e-05
ATP2C1	0.336049	1.67e-05	2.11e-05
CCDC47	0.335912	1.68e-05	2.12e-05
PIK3R1	0.335571	1.72e-05	2.17e-05
GABPB1	0.335359	1.74e-05	2.19e-05
DUS1L	0.335321	1.74e-05	2.2e-05
ZC3H11A	0.335156	1.76e-05	2.22e-05
DENND4B	0.334816	1.8e-05	2.27e-05
TTI1	0.334816	1.8e-05	2.27e-05
FEZ2	0.334652	1.82e-05	2.29e-05
KIAA1468	0.334649	1.62e-05	2.05e-05
RCOR1	0.33435	1.85e-05	2.33e-05
CDO1	0.334061	1.88e-05	2.37e-05
TMED7	0.33341	1.96e-05	2.46e-05
COG4	0.333171	1.99e-05	2.5e-05
TXN	0.333147	1.99e-05	2.5e-05
RWDD1	0.332873	2.02e-05	2.54e-05
NDUFS1	0.332556	2.06e-05	2.59e-05
EIF5B	0.332061	2.12e-05	2.67e-05
OS9	0.332052	2.12e-05	2.67e-05
UBL4A	0.331878	2.15e-05	2.7e-05
COQ6	0.331541	2.19e-05	2.75e-05
DDX20	0.331484	2.2e-05	2.76e-05
KPNA1	0.331463	2.2e-05	2.76e-05
IGFBP5	0.331323	2.22e-05	2.79e-05
IK	0.331105	2.25e-05	2.82e-05
CPSF3	0.331043	2.26e-05	2.83e-05
GTF2F1	0.330887	2.28e-05	2.86e-05
INTS9	0.330717	2.3e-05	2.89e-05
TMA7	0.330577	2.32e-05	2.91e-05
HGS	0.330571	2.32e-05	2.91e-05
ATF1	0.330272	2.36e-05	2.96e-05
CTNNBL1	0.330254	2.36e-05	2.96e-05
CAB39L	0.329971	2.4e-05	3.01e-05
RFX1	0.329938	2.41e-05	3.02e-05
EMC8	0.329559	2.46e-05	3.09e-05
SCAF1	0.329302	2.5e-05	3.13e-05
TMED9	0.329275	2.51e-05	3.14e-05
DOLPP1	0.329215	2.51e-05	3.15e-05
SACM1L	0.329209	2.52e-05	3.15e-05
NHLRC1	0.329108	2.53e-05	3.17e-05
SRPRB	0.328959	2.55e-05	3.2e-05
SSR4	0.328651	2.6e-05	3.25e-05
CSTF3	0.328535	2.62e-05	3.27e-05
BTN2A1	0.328526	2.62e-05	3.28e-05
COMMD9	0.328493	2.62e-05	3.28e-05
LIPA	0.328421	2.64e-05	3.29e-05
CHMP6	0.328415	2.64e-05	3.3e-05
PFDN4	0.328382	2.64e-05	3.3e-05
TFG	0.328332	2.65e-05	3.31e-05
RRP36	0.328293	2.66e-05	3.32e-05
UTP6	0.328284	2.66e-05	3.32e-05
NDUFS7	0.328281	2.66e-05	3.32e-05
NDUFAF2	0.328159	2.68e-05	3.34e-05
ARMC1	0.328138	2.68e-05	3.35e-05
NOA1	0.327845	2.73e-05	3.4e-05
SMG1	0.327741	2.74e-05	3.42e-05
UBE3A	0.327338	2.81e-05	3.5e-05
MTCH1	0.327314	2.81e-05	3.51e-05
IGLL5	0.327174	2.56e-05	3.2e-05
ATF2	0.326917	2.88e-05	3.59e-05
KMT2B	0.326702	2.92e-05	3.64e-05
ABL1	0.326699	2.92e-05	3.64e-05
TIMP3	0.326666	2.92e-05	3.64e-05
PNISR	0.326627	2.93e-05	3.65e-05
LETMD1	0.326451	2.96e-05	3.69e-05
HLA-DQB1	0.326373	2.97e-05	3.7e-05
REL	0.326334	2.98e-05	3.71e-05
PEX2	0.326269	2.99e-05	3.72e-05
PREPL	0.326096	3.02e-05	3.76e-05
TSNAX	0.326051	3.03e-05	3.77e-05
SPTLC1	0.325994	3.04e-05	3.78e-05
PRRC2B	0.325812	3.07e-05	3.82e-05
TSC2	0.325806	3.07e-05	3.82e-05
MRPL39	0.324988	3.23e-05	4.01e-05
TEP1	0.324758	3.27e-05	4.06e-05
WDR7	0.324421	3.33e-05	4.14e-05
PRPF39	0.324346	3.35e-05	4.16e-05
CLEC4M	0.324172	3.07e-05	3.81e-05
RHOT2	0.324039	3.41e-05	4.23e-05
EFR3A	0.323961	3.42e-05	4.25e-05
STX18	0.323955	3.43e-05	4.25e-05
MAP3K7	0.322952	3.63e-05	4.51e-05
TBC1D8	0.322862	3.65e-05	4.53e-05
RPF2	0.322585	3.71e-05	4.6e-05
MRPS16	0.32251	3.73e-05	4.62e-05
MTA2	0.322477	3.73e-05	4.63e-05
EXOSC10	0.322068	3.82e-05	4.74e-05
FGG	0.322021	3.83e-05	4.75e-05
UBQLN1	0.321489	3.95e-05	4.9e-05
RBM42	0.321444	3.96e-05	4.91e-05
RPS2	0.321244	4.01e-05	4.97e-05
CD109	0.320749	4.12e-05	5.11e-05
EIF4A2	0.320653	4.15e-05	5.14e-05
ENY2	0.320223	4.25e-05	5.27e-05
TXNDC9	0.320182	4.26e-05	5.28e-05
MON2	0.319958	4.32e-05	5.34e-05
MT-CO2	0.319844	4.35e-05	5.38e-05
AIMP2	0.319665	4.39e-05	5.43e-05
CCNT1	0.319647	4.39e-05	5.44e-05
SAFB2	0.319134	4.53e-05	5.6e-05
KAT8	0.318996	4.56e-05	5.64e-05
PPP1R10	0.31894	4.58e-05	5.66e-05
RAP1A	0.318751	4.63e-05	5.72e-05
CTNNB1	0.318504	4.69e-05	5.8e-05
RTF1	0.318411	4.72e-05	5.83e-05
BAD	0.318199	4.77e-05	5.9e-05
MARS2	0.318056	4.81e-05	5.95e-05
MRPS2	0.318047	4.82e-05	5.95e-05
IMPA1	0.317942	4.85e-05	5.98e-05
EMC7	0.317683	4.92e-05	6.07e-05
DIP2B	0.317524	4.96e-05	6.12e-05
MRPL44	0.317366	5.01e-05	6.18e-05
COG8	0.317202	5.05e-05	6.23e-05
ARFRP1	0.317118	5.08e-05	6.26e-05
COL6A6	0.316907	4.7e-05	5.81e-05
TRIM27	0.316745	5.19e-05	6.4e-05
GCC2	0.316536	5.25e-05	6.47e-05
TTR	0.316378	5.3e-05	6.53e-05
COA6	0.316271	5.33e-05	6.57e-05
TMEM126A	0.316235	5.34e-05	6.58e-05
NF1	0.315835	5.46e-05	6.73e-05
LTN1	0.315706	5.5e-05	6.78e-05
RNF20	0.315539	5.55e-05	6.84e-05
MICU1	0.315524	5.56e-05	6.84e-05
SAMD4B	0.315041	5.71e-05	7.03e-05
SNW1	0.315026	5.72e-05	7.04e-05
RAB2B	0.315005	5.73e-05	7.04e-05
PRPSAP2	0.314987	5.73e-05	7.05e-05
ZGPAT	0.314644	5.84e-05	7.19e-05
MTPN	0.314229	5.98e-05	7.35e-05
NDUFAF5	0.313802	6.13e-05	7.53e-05
CMC1	0.313742	6.15e-05	7.56e-05
RPP40	0.313658	6.18e-05	7.59e-05
SYMPK	0.31333	6.29e-05	7.73e-05
RPL26	0.313148	6.36e-05	7.81e-05
TMEM106B	0.313139	6.36e-05	7.81e-05
UBAC1	0.313076	6.38e-05	7.84e-05
NHLRC2	0.313037	6.4e-05	7.85e-05
GNS	0.312954	6.43e-05	7.89e-05
GPAA1	0.312428	6.62e-05	8.12e-05
TMSB10	0.312294	6.67e-05	8.18e-05
AATF	0.312094	6.74e-05	8.27e-05
MT-ND5	0.311795	6.86e-05	8.41e-05
ITPRIP	0.311709	6.89e-05	8.45e-05
ZNF24	0.3117	6.89e-05	8.45e-05
SNX17	0.311521	6.96e-05	8.53e-05
TRAPPC11	0.311404	7.01e-05	8.59e-05
HNRNPLL	0.311055	7.15e-05	8.76e-05
PIGT	0.310915	7.2e-05	8.82e-05
PTP4A1	0.310876	7.22e-05	8.84e-05
GAR1	0.310792	7.25e-05	8.88e-05
CCT3	0.310664	7.3e-05	8.94e-05
SRP72	0.310577	7.34e-05	8.98e-05
UBE4A	0.310571	7.34e-05	8.98e-05
PAXBP1	0.310562	7.35e-05	8.99e-05
STK38L	0.310533	7.36e-05	9e-05
FHOD1	0.310482	7.38e-05	9.02e-05
KRAS	0.310482	7.38e-05	9.02e-05
METTL17	0.310428	7.4e-05	9.05e-05
MED12	0.30998	7.59e-05	9.27e-05
GALNT10	0.308595	8.19e-05	0.0001
NUP88	0.308556	8.21e-05	0.0001
CCZ1	0.308392	8.29e-05	0.000101
CDC23	0.308383	8.29e-05	0.000101
MEN1	0.30824	8.36e-05	0.000102
C7	0.308207	8.37e-05	0.000102
TIMMDC1	0.308117	8.41e-05	0.000103
DPP8	0.308079	8.43e-05	0.000103
RANBP9	0.307941	8.49e-05	0.000104
PPP1R12A	0.307879	8.52e-05	0.000104
PRPF40A	0.307595	8.66e-05	0.000106
PTPMT1	0.306965	8.96e-05	0.000109
TMA16	0.306965	8.96e-05	0.000109
NDUFB6	0.306959	8.97e-05	0.000109
NCOR2	0.306568	9.16e-05	0.000112
SNX5	0.306532	9.18e-05	0.000112
SRP68	0.306407	9.24e-05	0.000113
INTS6	0.306105	9.4e-05	0.000114
NID1	0.30609	9.4e-05	0.000115
MRPL18	0.306001	9.45e-05	0.000115
VARS2	0.305962	9.47e-05	0.000115
FAM83H	0.305562	9.68e-05	0.000118
MRPS28	0.305311	9.81e-05	0.000119
CHMP5	0.305183	9.88e-05	0.00012
CBX3	0.305078	9.94e-05	0.000121
ALYREF	0.304929	0.0001	0.000122
URB1	0.304541	0.000102	0.000124
IGHMBP2	0.304344	0.000103	0.000126
UQCRFS1	0.304048	0.000105	0.000128
LIMS1	0.304024	0.000105	0.000128
SEC11C	0.303789	0.000107	0.00013
RNF214	0.30352	0.000108	0.000131
DIP2A	0.303365	0.000109	0.000133
FGB	0.303305	0.000109	0.000133
SERPINF1	0.303266	0.00011	0.000133
TSSC4	0.302926	0.000112	0.000136
PRPF38B	0.302538	0.000114	0.000138
INTS8	0.302523	0.000114	0.000139
MBNL1	0.302484	0.000114	0.000139
AGK	0.302445	0.000115	0.000139
FAM32A	0.302185	0.000116	0.000141
CSNK1G3	0.302069	0.000117	0.000142
RAP1B	0.30192	0.000118	0.000143
RAB8A	0.301776	0.000119	0.000144
NUP98	0.301576	0.00012	0.000146
DRG1	0.30146	0.000121	0.000147
MYL3	0.300876	0.000116	0.000141
MCL1	0.30074	0.000126	0.000152
TMEM209	0.300731	0.000126	0.000152
EXOSC8	0.300343	0.000128	0.000156
GNL3L	0.300334	0.000129	0.000156
GRB2	0.2998	0.000132	0.00016
WDR48	0.299716	0.000133	0.000161
GRN	0.299391	0.000135	0.000164
SMARCC2	0.299352	0.000135	0.000164
UNK	0.299089	0.000137	0.000166
SHANK3	0.298976	0.000138	0.000167
BLOC1S2	0.298913	0.000139	0.000168
GMPPA	0.298913	0.000139	0.000168
PHC2	0.298872	0.000139	0.000168
FKBP8	0.29883	0.000139	0.000168
RPL3	0.298686	0.00014	0.00017
CLEC3B	0.298561	0.000141	0.000171
MRPL2	0.29828	0.000143	0.000173
FTL	0.297964	0.000146	0.000176
TRIM3	0.297764	0.000147	0.000178
SEC62	0.297731	0.000148	0.000178
SF3B2	0.297486	0.00015	0.000181
LENG8	0.297358	0.000151	0.000182
TRAF6	0.297151	0.000143	0.000172
RPS6	0.297137	0.000152	0.000184
MRPS18B	0.297089	0.000153	0.000184
IPO7	0.296973	0.000154	0.000185
STX10	0.296916	0.000154	0.000186
DOHH	0.29671	0.000156	0.000188
MT-CO3	0.296603	0.000157	0.000189
MAST3	0.296185	0.00016	0.000193
FRG1	0.296113	0.000161	0.000194
SPTY2D1	0.295907	0.000163	0.000196
DENR	0.295868	0.000163	0.000196
EXOC3	0.295799	0.000164	0.000197
PLG	0.295755	0.000164	0.000197
CHD2	0.295683	0.000165	0.000198
IGF2R	0.295573	0.000166	0.000199
SNX4	0.294787	0.000173	0.000208
APOOL	0.294692	0.000174	0.000209
DPY30	0.294671	0.000174	0.000209
TAF5	0.294647	0.000174	0.000209
SSSCA1	0.294558	0.000175	0.00021
SRSF10	0.294175	0.000178	0.000214
RPAP1	0.29402	0.00018	0.000216
DAPK1	0.293802	0.000182	0.000218
INTS3	0.293749	0.000182	0.000219
MRPL15	0.293725	0.000183	0.000219
SNX14	0.293716	0.000183	0.000219
NDUFB10	0.293653	0.000183	0.00022
GRK6	0.293334	0.000186	0.000224
AGO2	0.293298	0.000187	0.000224
ELP2	0.292984	0.00019	0.000228
BAG6	0.292402	0.000196	0.000235
DMXL1	0.292115	0.000199	0.000238
RPL8	0.292017	0.0002	0.000239
TF	0.291668	0.000203	0.000244
PIKFYVE	0.291635	0.000204	0.000244
METTL14	0.291608	0.000204	0.000244
PPP4R2	0.291599	0.000204	0.000244
GTF2E1	0.291557	0.000205	0.000245
RTCB	0.291429	0.000206	0.000246
BRAF	0.291369	0.000207	0.000247
SRSF4	0.291053	0.00021	0.000251
EEF1D	0.29059	0.000215	0.000257
TXN2	0.290491	0.000216	0.000259
ATP2A2	0.290348	0.000218	0.00026
SF3B3	0.290238	0.000219	0.000262
LNPEP	0.290142	0.00022	0.000263
PSAP	0.289814	0.000224	0.000268
CFP	0.289766	0.000224	0.000268
RPUSD4	0.289745	0.000225	0.000268
EIF3K	0.289479	0.000228	0.000272
SAP30L	0.289402	0.000229	0.000273
PSMA5	0.289342	0.000229	0.000274
DGUOK	0.28916	0.000232	0.000276
SDHC	0.289145	0.000232	0.000277
MARCH5	0.289133	0.000232	0.000277
USE1	0.289097	0.000232	0.000277
IMP4	0.288954	0.000234	0.000279
APOF	0.288715	0.000224	0.000267
WDR45	0.288676	0.000238	0.000283
NUP35	0.288455	0.00024	0.000286
WDR24	0.288425	0.000241	0.000287
YWHAB	0.288211	0.000243	0.00029
GNB4	0.288038	0.000232	0.000276
CSNK1D	0.287897	0.000247	0.000294
CSTF2T	0.287828	0.000248	0.000295
CCDC22	0.287566	0.000251	0.000299
VPS33A	0.287315	0.000255	0.000303
C9orf78	0.286888	0.00026	0.00031
HMGN4	0.286467	0.000266	0.000317
GSTCD	0.286461	0.000266	0.000317
CDKN2AIPNL	0.286395	0.000267	0.000318
C7orf50	0.286216	0.000269	0.00032
RPL35	0.285768	0.000276	0.000328
TSC22D4	0.285757	0.000276	0.000328
MTMR3	0.285724	0.000276	0.000328
TRPT1	0.285504	0.000264	0.000315
MIS12	0.285195	0.000284	0.000337
DNAJB9	0.285022	0.000286	0.00034
COPG1	0.284962	0.000287	0.000341
GOLGA4	0.284598	0.000293	0.000347
ELP6	0.284565	0.000293	0.000348
TMEM201	0.284434	0.000295	0.00035
RNF31	0.284374	0.000296	0.000351
MFAP5	0.284317	0.000281	0.000334
LSM2	0.284201	0.000299	0.000354
ZFAND6	0.283864	0.000304	0.00036
RAB11B	0.283616	0.000308	0.000365
THRAP3	0.283419	0.000311	0.000368
COG5	0.282562	0.000324	0.000385
CAB39	0.282479	0.000326	0.000386
PURA	0.282395	0.000327	0.000388
RANBP6	0.282299	0.000329	0.00039
TMUB2	0.282198	0.00033	0.000391
CD5L	0.281658	0.00034	0.000402
TMCO1	0.281505	0.000342	0.000405
FAM160A2	0.281452	0.000343	0.000406
RPL36A	0.281308	0.000346	0.000409
RAB5C	0.280914	0.000353	0.000417
COMMD8	0.280911	0.000353	0.000417
WDFY3	0.280756	0.000355	0.00042
VPS41	0.280678	0.000339	0.000401
BIRC6	0.280666	0.000357	0.000422
WIPF2	0.280398	0.000362	0.000428
EIF4B	0.280389	0.000362	0.000428
RPS15	0.280368	0.000362	0.000428
TOMM22	0.280001	0.000369	0.000436
PPBP	0.279744	0.000355	0.00042
MOGS	0.279729	0.000374	0.000442
TEFM	0.279729	0.000374	0.000442
BLOC1S5	0.279442	0.000379	0.000448
GNA13	0.279033	0.000387	0.000457
HCFC2	0.278911	0.00039	0.00046
SEC61B	0.278588	0.000396	0.000467
MED4	0.278511	0.000397	0.000469
RPL19	0.278487	0.000398	0.000469
ENGASE	0.278409	0.000399	0.000471
TRIP4	0.278248	0.000403	0.000475
RALGAPB	0.277863	0.00041	0.000484
POLR3A	0.277114	0.000426	0.000502
NUDT3	0.277054	0.000427	0.000503
GCC1	0.276585	0.000437	0.000515
MLH1	0.276406	0.000441	0.00052
HIST1H1C	0.276042	0.000449	0.000529
CORO2B	0.275971	0.00043	0.000506
ZC3H7A	0.275931	0.000452	0.000532
TARDBP	0.275672	0.000457	0.000538
SH2B1	0.275397	0.000464	0.000546
TGFBRAP1	0.275239	0.000446	0.000525
EXOC7	0.275197	0.000468	0.000551
MLF2	0.275119	0.00047	0.000553
MTPAP	0.274872	0.000476	0.000559
GFER	0.274397	0.000487	0.000573
GABPA	0.273776	0.000502	0.00059
CPSF4	0.273731	0.000503	0.000591
ANAPC5	0.273606	0.000506	0.000595
TMEM115	0.273483	0.000509	0.000598
ARF5	0.272946	0.000523	0.000614
FBLL1	0.272457	0.000512	0.000601
DAPK3	0.272203	0.000542	0.000636
SEPT2	0.27217	0.000543	0.000637
NDUFV1	0.271665	0.000556	0.000653
MPHOSPH8	0.271582	0.000559	0.000656
G3BP1	0.2712	0.000569	0.000668
RPN1	0.271044	0.000573	0.000672
SUPT6H	0.270967	0.000576	0.000675
PIK3R4	0.270904	0.000577	0.000677
MED1	0.270594	0.000586	0.000687
CSNK2B	0.270504	0.000589	0.00069
HIST1H1E	0.270504	0.000564	0.000661
MED24	0.270435	0.00059	0.000692
VPS13A	0.27019	0.000598	0.0007
PIP4K2B	0.270167	0.000598	0.000701
RIOK2	0.27014	0.000599	0.000701
ZNF800	0.26968	0.000612	0.000717
DIABLO	0.269516	0.000617	0.000723
ADPGK	0.269447	0.000619	0.000725
MRPS9	0.269205	0.000627	0.000733
MRPS21	0.269166	0.000628	0.000734
COG6	0.269137	0.000629	0.000735
MRPS22	0.268235	0.000656	0.000768
PCF11	0.268202	0.000657	0.000769
RPS8	0.267674	0.000674	0.000788
NOSIP	0.267486	0.00068	0.000795
TAF9	0.267486	0.00068	0.000795
ITGB1	0.26725	0.000688	0.000804
TMEM223	0.267014	0.000696	0.000813
AOC3	0.266841	0.000702	0.000819
RETN	0.266817	0.000675	0.000788
CD93	0.266539	0.000712	0.000831
MYL12A	0.266348	0.000718	0.000838
STT3A	0.266133	0.000726	0.000847
C12orf29	0.265841	0.000736	0.000859
DNTTIP1	0.265626	0.000743	0.000867
PGGT1B	0.265494	0.000748	0.000872
KDM2A	0.265327	0.000754	0.000879
NACA	0.265244	0.000757	0.000883
MED10	0.265208	0.000758	0.000884
TRAPPC13	0.265097	0.000762	0.000888
GPN1	0.264996	0.000766	0.000892
APOH	0.264808	0.000773	0.0009
TEAD1	0.264647	0.000779	0.000907
GOLGB1	0.264494	0.000784	0.000913
HPS6	0.264297	0.000792	0.000922
WDTC1	0.264205	0.000765	0.000891
EIF3G	0.26379	0.000811	0.000944
GIGYF1	0.263727	0.000813	0.000946
GPN3	0.263118	0.000837	0.000974
C16orf70	0.262431	0.000864	0.001005
CCT2	0.262085	0.000878	0.001022
RPL17	0.261966	0.000883	0.001027
RNF121	0.261885	0.000887	0.001031
SF3B1	0.261521	0.000902	0.001048
CA3	0.26123	0.000881	0.001025
ARPC4	0.260724	0.000936	0.001088
AKAP9	0.260661	0.000939	0.001091
CCDC115	0.260512	0.000945	0.001098
RNASE4	0.260467	0.000947	0.0011
SERF2	0.260109	0.000963	0.001118
APPL1	0.2601	0.000964	0.001119
PSMD11	0.259891	0.000973	0.001129
DNTTIP2	0.259858	0.000974	0.001131
PRKCE	0.259565	0.000988	0.001146
BLOC1S3	0.259518	0.00099	0.001148
ALKBH6	0.259249	0.001002	0.001163
CSDE1	0.258938	0.001017	0.001179
EXOSC1	0.258894	0.001019	0.001181
NAA35	0.258849	0.001021	0.001184
RPS18	0.258544	0.001036	0.0012
NGDN	0.258141	0.001055	0.001223
UBXN4	0.257834	0.00107	0.00124
RPL23	0.257732	0.001075	0.001245
IDH3B	0.257473	0.001088	0.00126
NOL6	0.257049	0.001109	0.001285
PPP1CB	0.25684	0.00112	0.001297
CHCHD6	0.256586	0.001133	0.001312
PIH1D1	0.256398	0.001143	0.001323
COPB1	0.256108	0.001158	0.00134
ZC3H7B	0.255971	0.001166	0.001348
TMEM131	0.255795	0.001175	0.001359
SART1	0.25541	0.001196	0.001383
DMAP1	0.255341	0.0012	0.001387
ACTR2	0.255335	0.0012	0.001387
EXOC4	0.255096	0.001213	0.001402
TMED10	0.254974	0.00122	0.00141
PSMD6	0.254821	0.001228	0.001419
EP400	0.254615	0.00124	0.001432
ARHGAP26	0.254481	0.001248	0.001441
EDEM2	0.254239	0.001261	0.001456
RBM5	0.254215	0.001263	0.001458
RFX5	0.253995	0.001276	0.001472
ATP6V1E1	0.253708	0.001292	0.001491
NDUFA4	0.253618	0.001298	0.001497
MRC1	0.253607	0.001257	0.001452
RPS7	0.253003	0.001334	0.001539
ELMO2	0.252785	0.001347	0.001553
RAB3A	0.252768	0.001307	0.001507
CCT6A	0.252678	0.001354	0.001561
POLR2A	0.251967	0.001398	0.001611
CHCHD2	0.251675	0.001417	0.001632
NAA30	0.251358	0.001437	0.001655
PHF5A	0.25114	0.001451	0.001671
RSL24D1	0.251087	0.001455	0.001675
MRPS25	0.251066	0.001456	0.001676
EEF1G	0.250991	0.001461	0.001682
VRK3	0.250964	0.001463	0.001683
PSMD12	0.250728	0.001478	0.001701
MFAP1	0.250439	0.001497	0.001723
ERGIC3	0.249896	0.001534	0.001765
CLU	0.249764	0.001543	0.001775
GBA2	0.249573	0.001557	0.00179
MBD3	0.249537	0.001559	0.001793
SLU7	0.249513	0.001561	0.001794
TTC39C	0.249427	0.001567	0.001801
DPF2	0.249343	0.001573	0.001807
RNF40	0.248851	0.001608	0.001847
NBAS	0.248645	0.001622	0.001864
HPX	0.24857	0.001628	0.001869
SRRM2	0.248546	0.001629	0.001871
PHB	0.248236	0.001652	0.001897
ZSWIM8	0.248218	0.001653	0.001898
EIF3L	0.247782	0.001686	0.001935
RPL27A	0.247764	0.001687	0.001936
GC	0.247439	0.001712	0.001964
NUDT21	0.246343	0.001796	0.002061
TM9SF2	0.246277	0.001802	0.002066
DYNC1I2	0.2462	0.001808	0.002073
VPS8	0.246023	0.001822	0.002089
DDX3X	0.245979	0.001826	0.002092
GNG10	0.245665	0.001851	0.002121
RPL7	0.24565	0.001852	0.002122
CROCC	0.245519	0.001863	0.002134
HTRA2	0.244465	0.001951	0.002234
MRPS26	0.244277	0.001967	0.002253
TBRG4	0.244089	0.001983	0.002271
NUCB1	0.244005	0.001991	0.002279
TTC33	0.243952	0.001995	0.002284
AFM	0.243943	0.001996	0.002284
UCKL1	0.24394	0.001996	0.002284
OPA3	0.243623	0.002024	0.002315
PPP2R1A	0.243402	0.002044	0.002337
PEX13	0.243325	0.002051	0.002344
CA1	0.243318	0.001998	0.002286
ATG13	0.243244	0.002058	0.002352
MCTS1	0.243142	0.002067	0.002362
DHODH	0.242865	0.002092	0.00239
ZMYND11	0.242793	0.002099	0.002397
RPL12	0.24279	0.002099	0.002397
PI4KA	0.242689	0.002108	0.002407
SMIM15	0.242259	0.002148	0.002452
GGA3	0.241904	0.002181	0.00249
SNRPC	0.241781	0.002193	0.002503
LAGE3	0.241539	0.002216	0.002529
GEMIN4	0.241148	0.002254	0.002571
STXBP3	0.240676	0.0023	0.002624
KAT7	0.240653	0.002302	0.002626
SREK1	0.240638	0.002304	0.002627
RPS3	0.240351	0.002333	0.002659
SEPT10	0.24033	0.002335	0.002661
MRPS30	0.239605	0.002409	0.002745
TBC1D23	0.239333	0.002437	0.002777
PIGO	0.239008	0.002471	0.002815
ASCC2	0.238772	0.002496	0.002843
TMX3	0.238626	0.002512	0.002861
PARP4	0.238536	0.002522	0.002871
POMP	0.238515	0.002524	0.002873
EMC6	0.238485	0.002527	0.002876
SNRPD1	0.238414	0.002535	0.002885
RPL26L1	0.238008	0.002579	0.002934
MT-CYB	0.23787	0.002594	0.002951
RPS27L	0.237816	0.0026	0.002957
IP6K1	0.237097	0.002681	0.003049
CCDC167	0.236921	0.002701	0.003071
NKIRAS2	0.236921	0.002701	0.003071
TCIRG1	0.236909	0.002703	0.003072
NSA2	0.236861	0.002708	0.003077
PRPF31	0.236757	0.00272	0.00309
SRSF11	0.236745	0.002722	0.003091
HDAC3	0.236691	0.002728	0.003098
EXOSC3	0.236407	0.002761	0.003135
PFDN6	0.236276	0.002776	0.003152
NHP2	0.235757	0.002838	0.003221
PRKAA1	0.235246	0.0029	0.003291
NCKAP1	0.235231	0.002902	0.003292
ADAM17	0.234927	0.002939	0.003334
PSMD3	0.234879	0.002945	0.003341
SAP130	0.234834	0.002951	0.003346
RPS15A	0.234655	0.002973	0.003371
TRAPPC2L	0.234491	0.002994	0.003394
PHF14	0.233959	0.003061	0.00347
RAPGEF2	0.233864	0.003074	0.003483
RAB11FIP3	0.233407	0.003133	0.00355
NOC2L	0.233359	0.00314	0.003556
MTX3	0.233171	0.003164	0.003584
RPS24	0.233114	0.003172	0.003592
TSG101	0.232004	0.003322	0.00376
RBM25	0.231976	0.003258	0.003689
SLC4A1	0.231954	0.003261	0.003691
MRPS6	0.231944	0.003331	0.003769
EAF1	0.231753	0.003357	0.003798
SRP9	0.231568	0.003383	0.003827
SAMM50	0.231517	0.00339	0.003834
ATG4B	0.23132	0.003418	0.003865
C12orf4	0.231219	0.003433	0.003881
NT5C	0.230971	0.003468	0.00392
YIF1A	0.230881	0.003481	0.003934
TTC17	0.230789	0.003495	0.003949
MRPS15	0.230723	0.003504	0.003959
TSC22D2	0.230639	0.003516	0.003972
ALG8	0.230001	0.003611	0.004077
CHERP	0.229604	0.00367	0.004144
TRIAP1	0.228702	0.003809	0.0043
VBP1	0.228612	0.003823	0.004315
PSMA6	0.228347	0.003865	0.004362
FBXW11	0.228224	0.003885	0.004383
SMNDC1	0.227911	0.003935	0.004439
ERCC3	0.227744	0.003962	0.004468
UTP3	0.227699	0.003969	0.004476
SNRPB2	0.227564	0.003991	0.0045
NUFIP2	0.227511	0.004	0.004509
VPS33B	0.227448	0.00401	0.00452
RINT1	0.227421	0.004015	0.004524
ITFG1	0.227227	0.004047	0.004559
AQR	0.227078	0.004071	0.004586
RPS10	0.226985	0.004087	0.004603
POLR1A	0.226433	0.00418	0.004707
MRPL40	0.225714	0.004304	0.004846
AP2M1	0.225705	0.004306	0.004846
BUD31	0.225702	0.004306	0.004846
MPV17	0.225337	0.00437	0.004917
COPZ1	0.225221	0.004391	0.00494
ZDHHC17	0.225087	0.004415	0.004966
VPS53	0.224812	0.004465	0.005021
NAA10	0.224466	0.004527	0.00509
MRPL27	0.224128	0.00459	0.005159
GTF2H3	0.223854	0.004641	0.005216
MRPL50	0.223803	0.00465	0.005226
RNPS1	0.22374	0.004662	0.005238
RPSA	0.223627	0.004683	0.00526
WDR37	0.223627	0.004683	0.00526
MT-CO1	0.223259	0.004753	0.005337
RPA3	0.223045	0.004794	0.005383
MT-ND4	0.223006	0.004802	0.00539
RANBP2	0.222859	0.00483	0.005421
TUBGCP2	0.222842	0.004834	0.005424
EXOC5	0.222761	0.004849	0.005441
RPL27	0.222737	0.004854	0.005445
SNAPIN	0.222585	0.004884	0.005477
PPIG	0.222564	0.004888	0.005481
MRPL19	0.222349	0.00493	0.005527
RPL13A	0.222313	0.004937	0.005534
C3orf38	0.221737	0.005052	0.005661
EIF3H	0.221456	0.005109	0.005724
DCTN6	0.221428	0.005032	0.005639
MNAT1	0.22097	0.00521	0.005835
SRSF7	0.220826	0.005239	0.005867
PSMD2	0.220728	0.00526	0.005889
LUC7L3	0.220017	0.005411	0.006057
TRMT112	0.21999	0.005416	0.006062
DDOST	0.219704	0.005478	0.006131
QARS	0.218916	0.005652	0.006324
ATP6V1F	0.218716	0.005697	0.006373
LAMTOR4	0.218151	0.005825	0.006515
WDR92	0.217951	0.005871	0.006565
ITGA2B	0.217429	0.005904	0.006601
MRPS35	0.217372	0.006006	0.006713
AZU1	0.217338	0.005925	0.006624
MFSD5	0.217333	0.006015	0.006722
ATP6V1A	0.217283	0.006027	0.006734
IPO11	0.216757	0.006153	0.006873
MED17	0.216692	0.006169	0.00689
RPL18	0.216417	0.006235	0.006963
CASC3	0.21636	0.006249	0.006977
PRKAR1A	0.216235	0.00628	0.00701
SRRM1	0.21596	0.006348	0.007084
POLR1E	0.215936	0.006354	0.00709
SNRPD3	0.215718	0.006408	0.007149
AGRN	0.215647	0.006426	0.007168
MKLN1	0.215456	0.006474	0.00722
TIMM10B	0.214891	0.006617	0.007379
EMC3	0.214727	0.00666	0.007425
NUP188	0.21402	0.006845	0.00763
KXD1	0.213972	0.006858	0.007643
MANBAL	0.213948	0.006864	0.007648
SMC5	0.213939	0.006866	0.00765
COMMD3	0.213437	0.007001	0.007798
NDUFA5	0.213249	0.007052	0.007853
SCFD2	0.21281	0.007172	0.007986
VPS16	0.212721	0.007197	0.008012
MAPK14	0.212076	0.007378	0.00821
CELF1	0.211727	0.007477	0.008319
CALCOCO1	0.211724	0.007478	0.008319
SEPT7	0.211691	0.007488	0.008328
POLR3D	0.211506	0.007541	0.008386
SSU72	0.211476	0.00755	0.008394
WRAP53	0.211294	0.007602	0.008451
AP1S1	0.211031	0.007679	0.008535
EIF1	0.21101	0.007685	0.00854
BUB3	0.210986	0.007692	0.008547
NOL9	0.210279	0.007903	0.008779
CYTH1	0.209715	0.008075	0.008968
PPP6C	0.209667	0.008089	0.008983
BCS1L	0.209234	0.008223	0.00913
MRPS10	0.208529	0.008446	0.009374
BRMS1	0.208523	0.008448	0.009374
NDUFA10	0.208523	0.008448	0.009374
SMARCD2	0.20847	0.008465	0.009391
ILF2	0.207968	0.008627	0.009569
RPLP0	0.207852	0.008665	0.00961
PRPF19	0.207702	0.008714	0.009662
RPL4	0.207535	0.008769	0.00972
MRPL47	0.207392	0.008816	0.009771
EXOC6B	0.207281	0.008853	0.00981
URB2	0.207255	0.008862	0.009818
HIST1H1D	0.207234	0.008767	0.009719
GNAI3	0.20715	0.008897	0.009855
OLFML1	0.206455	0.009132	0.010114
EIF3M	0.206216	0.009214	0.010203
ELMO1	0.206192	0.009223	0.01021
EEF1A1	0.206057	0.009269	0.01026
SLTM	0.205941	0.00931	0.010303
TOP3B	0.205362	0.009513	0.010525
ORC3	0.205263	0.009548	0.010562
ATP6V1G1	0.205242	0.009556	0.010568
RPS5	0.205195	0.009573	0.010585
TRIM56	0.205156	0.009587	0.010598
APOA4	0.205086	0.009507	0.01052
LRCH4	0.205007	0.00964	0.010656
BIRC2	0.204762	0.009729	0.010751
COPB2	0.204338	0.009883	0.01092
PSMB1	0.204105	0.009969	0.011011
CLP1	0.203862	0.009953	0.010996
JMJD1C	0.203385	0.010239	0.011307
CFD	0.203039	0.01037	0.01145
ACTG1	0.203003	0.010384	0.011463
MRPS33	0.202827	0.010452	0.011536
ERCC2	0.202561	0.010555	0.011648
SLC25A16	0.202296	0.010659	0.01176
NSMCE1	0.202072	0.010747	0.011856
ATP6AP2	0.202009	0.010772	0.011881
DRAP1	0.201785	0.010861	0.011977
GORASP1	0.201696	0.010897	0.012014
RBM45	0.201529	0.010964	0.012086
AIMP1	0.201412	0.011011	0.012136
RPL11	0.20092	0.011211	0.012355
VPS11	0.200719	0.011294	0.012443
HERC2	0.200388	0.011431	0.012593
MAEA	0.20034	0.011451	0.012612
ATG16L1	0.199725	0.011711	0.012896
ATP1B1	0.199295	0.011896	0.013097
MAPKAP1	0.199003	0.012023	0.013235
EXOSC2	0.19897	0.012037	0.013248
RAB1B	0.198621	0.012191	0.013415
CCT7	0.198349	0.012311	0.013545
APOA1	0.198074	0.012434	0.013678
ZC3HC1	0.1976	0.01265	0.013912
RPP30	0.197549	0.012673	0.013935
IDH3G	0.197525	0.012684	0.013945
WASF2	0.197271	0.0128	0.014071
YME1L1	0.197104	0.012878	0.014153
PRKAR2A	0.197009	0.012922	0.014199
PSMD1	0.196844	0.012999	0.014281
AGO1	0.196809	0.013015	0.014297
MCM3AP	0.195692	0.013547	0.014878
SNRPD2	0.195683	0.013552	0.014881
EMC4	0.195238	0.013769	0.015116
NAA50	0.195211	0.013782	0.015128
NUP54	0.194787	0.013992	0.015356
S100A12	0.194495	0.014024	0.015389
CTSG	0.194425	0.014059	0.015425
CDC26	0.194196	0.01429	0.015674
CYP2C19	0.194152	0.014312	0.015697
STARD3	0.193901	0.014441	0.015834
VPS51	0.19382	0.014482	0.015875
SERINC3	0.193817	0.014483	0.015875
RBM33	0.193814	0.014485	0.015875
GIT2	0.193778	0.014503	0.015892
RBBP6	0.193763	0.014511	0.015898
VPS29	0.193345	0.014728	0.016132
SF3A3	0.193247	0.014779	0.016186
EIF3C	0.192925	0.014949	0.016368
CAMP	0.192652	0.014978	0.016397
LZTR1	0.192608	0.015117	0.016544
LTF	0.192543	0.015036	0.016458
MRPS18A	0.192498	0.015176	0.016605
WDR77	0.192435	0.01521	0.016639
WDR82	0.192417	0.015219	0.016647
CLTC	0.192244	0.015312	0.016746
COMMD4	0.191939	0.015477	0.016923
FARSA	0.191566	0.015682	0.017144
IREB2	0.191408	0.015769	0.017237
PSMA2	0.191196	0.015887	0.017362
RPL10	0.191172	0.0159	0.017374
IER3IP1	0.190796	0.016111	0.017601
COPS6	0.190512	0.016272	0.017774
EEF1B2	0.190459	0.016303	0.017804
MED15	0.190005	0.016563	0.018085
GABARAPL2	0.189975	0.016581	0.018101
KDELR1	0.188631	0.017374	0.01896
ANK1	0.188604	0.017273	0.018853
WDR18	0.188115	0.017687	0.019299
PISD	0.18736	0.018155	0.019806
ABHD17B	0.18696	0.018407	0.020077
HECTD4	0.186798	0.018509	0.020185
RAI14	0.186786	0.018517	0.02019
POP7	0.186622	0.018622	0.020301
RPL13	0.186201	0.018893	0.020593
TAF6	0.18616	0.01892	0.020619
CDK5RAP1	0.185374	0.019436	0.021177
BTAF1	0.1845	0.020024	0.021814
ARL6IP4	0.184267	0.020183	0.021984
ADRM1	0.184001	0.020367	0.022179
ELANE	0.183607	0.020522	0.022345
BSG	0.183437	0.02076	0.0226
FIBP	0.183395	0.02079	0.022628
MIB1	0.183347	0.020823	0.022661
CYHR1	0.182738	0.021256	0.023128
CCT4	0.182455	0.021461	0.023347
TIMM10	0.181765	0.021965	0.023891
FIG4	0.181702	0.022011	0.023937
ISY1	0.18161	0.02208	0.024007
BABAM1	0.181401	0.022235	0.024172
NOP9	0.18132	0.022296	0.024233
INTS1	0.180914	0.022601	0.024561
SF3A1	0.180586	0.022851	0.024828
RPL28	0.180281	0.023085	0.025078
RPL7A	0.180096	0.023228	0.025229
ZNF516	0.17998	0.023318	0.025322
TBCK	0.179857	0.023413	0.025422
TMED5	0.179642	0.023582	0.0256
PCBP1	0.17963	0.023591	0.025605
ALDH1A2	0.179251	0.02389	0.025926
SRSF2	0.178484	0.024506	0.02659
PCBP2	0.178227	0.024715	0.026812
AP2B1	0.17815	0.024779	0.026876
RTN3	0.177732	0.025123	0.02724
SIPA1	0.177305	0.025479	0.027616
DEFA3	0.177296	0.02537	0.027502
SNRPG	0.177018	0.025721	0.027866
UXT	0.177015	0.025723	0.027866
SEC13	0.176675	0.026013	0.028175
TAF1	0.176576	0.026097	0.028261
RPS14	0.176558	0.026112	0.028273
TRA2A	0.176469	0.026189	0.028351
MRPL3	0.176311	0.026325	0.028494
NFYC	0.175976	0.026615	0.028802
STX16	0.175812	0.026759	0.028952
PSMC3	0.174579	0.027857	0.030135
RPL24	0.173952	0.028429	0.030749
SRP19	0.173827	0.028545	0.030869
DHX35	0.173681	0.028567	0.030887
MLLT1	0.173516	0.028834	0.03117
PSMC6	0.172946	0.02937	0.031744
IMP3	0.172883	0.029429	0.031803
CAPZA2	0.172695	0.029608	0.031991
MRPL37	0.172674	0.029628	0.032007
RPL29	0.172101	0.03018	0.032597
WDR87	0.171923	0.03024	0.032657
ZMAT2	0.171062	0.031202	0.03369
KMT2D	0.170865	0.031399	0.033897
BRD8	0.170549	0.031718	0.034235
SPG7	0.170405	0.031863	0.034386
NDUFV3	0.17028	0.031991	0.034517
SNRNP40	0.170086	0.032189	0.034725
MOB4	0.169925	0.032355	0.034898
PIK3C3	0.169644	0.032645	0.035204
SNCA	0.169311	0.032883	0.035455
SRSF5	0.169146	0.033165	0.035753
ANAPC2	0.168548	0.033798	0.036429
CHP1	0.168205	0.034166	0.03682
COPS7A	0.168113	0.034266	0.036921
PLBD2	0.168023	0.034363	0.037019
RPS19	0.167904	0.034493	0.037146
MPO	0.167822	0.034475	0.037133
KATNA1	0.167521	0.03491	0.037589
HSBP1	0.167375	0.035071	0.037755
DPM1	0.167205	0.035259	0.037951
PSMB5	0.166796	0.035714	0.038434
CAAP1	0.166739	0.035778	0.038496
RABGEF1	0.166366	0.036198	0.038942
MRPL41	0.166071	0.036534	0.039296
MAD1L1	0.16565	0.037017	0.039809
RAD50	0.165611	0.037062	0.03985
GADD45GIP1	0.165524	0.037162	0.039951
RIC8B	0.165315	0.037404	0.040204
ARL8B	0.165214	0.037523	0.040325
MED14	0.164503	0.03836	0.041217
CCT5	0.164312	0.038587	0.041454
TRAPPC9	0.164276	0.03863	0.041493
KIAA0100	0.163909	0.039071	0.04196
PSMC1	0.163399	0.039692	0.042619
ZW10	0.163324	0.039783	0.04271
COMMD10	0.163237	0.03989	0.042816
UQCRH	0.163076	0.040088	0.043022
MYL6	0.162366	0.040973	0.043964
POLR1B	0.162055	0.041365	0.044377
SPATA5L1	0.161649	0.041882	0.044916
THOC6	0.16156	0.041997	0.045031
EMC1	0.161497	0.042077	0.04511
RBM34	0.161354	0.042262	0.0453
CYFIP1	0.161315	0.042312	0.045346
MRPS5	0.161094	0.042598	0.045644
MRPL21	0.160927	0.042815	0.045869
TIMM17B	0.160634	0.043198	0.046272
FRMD8	0.160559	0.043297	0.046369
CCDC12	0.160521	0.043348	0.046416
YPEL5	0.160506	0.043367	0.046429
TRIM25	0.158983	0.045414	0.048611
EXOSC5	0.158891	0.045541	0.048738
CIAO1	0.158664	0.045853	0.049064
AP5S1	0.158294	0.046367	0.049606
RPL18A	0.158085	0.046659	0.049909
COG1	0.157846	0.046995	0.050251
MRPS12	0.157673	0.047239	0.050504
RPL38	0.156956	0.048263	0.05159
YIPF4	0.156523	0.04889	0.052251
INTS4	0.155863	0.04986	0.053278
POLRMT	0.155021	0.051119	0.054615
PRPH	0.154036	0.052553	0.056137
NDUFAF3	0.153797	0.052999	0.056603
THAP4	0.153496	0.05347	0.057097
TAF6L	0.153445	0.05355	0.057172
PSMD14	0.153033	0.054201	0.057847
ARL14EP	0.152956	0.054324	0.057969
RPN2	0.152759	0.054638	0.058289
RPL14	0.152756	0.054643	0.058289
PSMC5	0.152329	0.055329	0.05901
MRPL54	0.152251	0.055454	0.059134
TRAPPC12	0.152167	0.055589	0.059268
RPL5	0.151902	0.056022	0.059718
MRPL51	0.151	0.057508	0.061293
ARPC3	0.150567	0.058234	0.062045
PSMA3	0.150191	0.05887	0.062712
PHKA2	0.149946	0.059288	0.063146
ADD2	0.149601	0.05982	0.063702
LPP	0.149585	0.059908	0.063785
ROCK1	0.149182	0.060606	0.064517
RPRD1B	0.148624	0.061584	0.065547
RBM6	0.14838200000000001	0.062012	0.065991
HSPA8	0.148062	0.062581	0.066585
DCTN2	0.147955	0.062773	0.066778
EXOC8	0.147474	0.063639	0.067688
CCNL1	0.147346	0.063872	0.067924
TIMM9	0.146847	0.064784	0.068881
NOC4L	0.14651	0.065407	0.069532
APOD	0.146192	0.06595	0.070098
MRPL55	0.145925	0.066498	0.070668
ARCN1	0.145814	0.066706	0.070877
MAGT1	0.145605	0.067101	0.071284
GATC	0.144826	0.068588	0.072852
PPIE	0.144587	0.06905	0.073329
VPS25	0.143578	0.071027	0.075403
COX17	0.143557	0.071068	0.075434
LAS1L	0.143125	0.071931	0.076337
TIMM8B	0.143029	0.072123	0.076527
RPS3A	0.142951	0.072279	0.076679
TMED2	0.142904	0.072375	0.076768
CSNK1A1	0.142742	0.0727	0.0771
EXOC2	0.142647	0.072893	0.077291
COX7C	0.14259	0.073008	0.0774
RPS17	0.142516	0.073159	0.077547
ABCC11	0.142429	0.073335	0.07772
LAMTOR2	0.141787	0.07465	0.079101
COPS4	0.141521	0.0752	0.079656
BLOC1S1	0.141023	0.076241	0.080745
FAM96B	0.140954	0.076386	0.080884
SF1	0.140133	0.078128	0.082715
PSMB7	0.139652	0.079163	0.083796
POLG2	0.139587	0.079305	0.083932
PSMC2	0.139503	0.079486	0.08411
PEX26	0.139455	0.07959	0.084205
COX4I1	0.139258	0.080019	0.084631
RPL35A	0.138963	0.080667	0.085301
INTS2	0.138927	0.080745	0.08537
ERH	0.138772	0.081087	0.085716
SZT2	0.138739	0.08116	0.085778
MRPL14	0.138539	0.081602	0.086232
EIF3F	0.137772	0.083318	0.088
PCNP	0.137404	0.08415	0.088863
MRPL11	0.13713	0.084776	0.089509
MRPS34	0.136834	0.085454	0.09021
SEC23B	0.136622	0.085943	0.090711
TMOD3	0.13641	0.086435	0.091214
MRPL53	0.136322	0.086638	0.091413
WDR36	0.134933	0.089922	0.094862
COMMD2	0.134518	0.090922	0.0959
RPS11	0.133983	0.092222	0.097238
EIF3I	0.133485	0.093448	0.098514
GSK3B	0.131861	0.097532	0.102802
FLII	0.131807	0.09767	0.10293
SYNM	0.131568	0.098283	0.103541
SEC11A	0.131511	0.098429	0.103677
ANXA9	0.131225	0.099169	0.104439
GLE1	0.130842	0.100164	0.105469
COX7B	0.130717	0.100492	0.105796
MRPL28	0.13069	0.100562	0.105852
TTC21B	0.130371	0.101402	0.106718
TMEM147	0.130033	0.102295	0.107621
YIPF3	0.129541	0.10361	0.108986
C19orf70	0.129221	0.10447	0.109854
TRAPPC5	0.128968	0.105157	0.110557
RPL34	0.128753	0.105742	0.111153
LYRM4	0.12832	0.106927	0.11238
UBE2G2	0.127947	0.107957	0.113442
COX6C	0.127941	0.107974	0.113442
RAC1	0.127606	0.108904	0.1144
ASCC1	0.127418	0.10943	0.114933
LLPH	0.127281	0.109815	0.115318
PSMB3	0.127254	0.10989	0.115378
CTR9	0.127164	0.110142	0.115622
PLRG1	0.126609	0.111714	0.117253
RRAGA	0.126454	0.112157	0.117697
MARCH6	0.126272	0.112678	0.118224
EXOSC7	0.126227	0.112806	0.118339
COMMD7	0.126137	0.113064	0.118589
CXXC1	0.126081	0.113227	0.11874
HYPK	0.126027	0.113381	0.118882
PPP2CA	0.125842	0.113915	0.119421
CIB1	0.125597	0.114625	0.120145
MRPL34	0.125149	0.115931	0.121494
WDR61	0.125104	0.116062	0.121611
MRPS11	0.124427	0.118063	0.123675
SDF2	0.124424	0.118072	0.123675
CNOT1	0.124316	0.118392	0.123989
UQCRB	0.123863	0.11975	0.12539
LAMTOR5	0.123836	0.119831	0.125453
RREB1	0.123274	0.121528	0.127208
COX5B	0.121686	0.126431	0.132296
PSMD7	0.120853	0.129062	0.135027
CSTF1	0.120268	0.130936	0.136964
ZC3H13	0.12002	0.131736	0.137778
RPL6	0.119089	0.134776	0.140934
RPS20	0.118772	0.135821	0.142002
CDK9	0.118423	0.136982	0.143192
ARL1	0.118378	0.137132	0.143324
HIST2H4B	0.118158	0.137977	0.144183
TRMU	0.118117	0.138116	0.144304
MRPL20	0.117859	0.138873	0.145071
RPL21	0.117432	0.140317	0.146555
PSMD13	0.117298	0.140774	0.147007
POLR3B	0.117115	0.141395	0.147631
WDR11	0.11693	0.142028	0.148267
DDA1	0.116456	0.143662	0.149922
RPL36	0.115521	0.146921	0.153297
AP1M1	0.115465	0.14712	0.153479
SEPT11	0.114748	0.149659	0.156102
COX5A	0.114694	0.149851	0.156275
RPL31	0.113381	0.154596	0.161197
COA4	0.112046	0.159532	0.166315
KRR1	0.111855	0.160248	0.167034
COX7A2L	0.111783	0.160517	0.167286
ORC5	0.111073	0.163205	0.170059
SNF8	0.110661	0.16478	0.171642
PRG2	0.110579	0.165255	0.172109
RNF123	0.110219	0.16648	0.173355
INTS10	0.109515	0.169219	0.176178
COMMD5	0.109359	0.169827	0.176781
TOMM20	0.109013	0.171189	0.178169
AHSP	0.108786	0.172264	0.179257
AP3M1	0.107711	0.176382	0.183511
RPS16	0.105657	0.184811	0.192249
RPL22	0.105535	0.185322	0.192749
NSMCE4A	0.105383	0.18596	0.193379
MMP8	0.105371	0.186211	0.193576
WDR19	0.105323	0.18621	0.193576
SARNP	0.10529	0.186348	0.193686
WDR6	0.105159	0.186901	0.194227
GTF2H4	0.105066	0.18729	0.1946
AP4M1	0.104965	0.187719	0.195012
RPS23	0.104174	0.191081	0.198472
POLR2I	0.103866	0.1924	0.199809
THOC7	0.102496	0.198357	0.205961
SKAP2	0.102347	0.199014	0.206609
LSM7	0.10223	0.199528	0.207107
SPCS2	0.102024	0.200439	0.208018
MRPL4	0.101099	0.204569	0.212268
CNOT10	0.101072	0.204689	0.212358
CDK5RAP3	0.100925	0.205348	0.213006
RPL15	0.100397	0.20774	0.215451
PFDN5	0.100197	0.20865	0.216359
MRPS14	0.100018	0.209468	0.217171
OXLD1	0.0996	0.211386	0.219122
RPL23A	0.0994	0.212308	0.220041
DCTN3	0.099286	0.212832	0.220547
RPS29	0.098074	0.218491	0.226374
BRCC3	0.096868	0.224228	0.232279
EXOSC4	0.09617	0.227599	0.235692
RPP38	0.095749	0.229648	0.237734
TUBA1C	0.094605	0.235278	0.243522
PYURF	0.094295	0.236824	0.245081
RCCD1	0.093808	0.23926	0.247561
RPS13	0.09348	0.240914	0.249231
MTX2	0.093205	0.242304	0.250627
EIF2S3	0.09259	0.245436	0.253824
MRPL49	0.091865	0.249166	0.257639
SAP18	0.091751	0.249753	0.258203
NDUFA8	0.091677	0.25014	0.25856
ERCC1	0.0913	0.252095	0.260537
AP2S1	0.090915	0.254107	0.262573
NDUFA3	0.090073	0.258545	0.267115
CDC42	0.089563	0.261262	0.269877
LIN7C	0.088139	0.268944	0.277766
PPP3R1	0.088031	0.26953	0.278325
TMEM30A	0.088016	0.269612	0.278362
PSMA4	0.087748	0.271081	0.279832
COX19	0.087575	0.27203	0.280766
MRPL35	0.08713	0.27448	0.283247
NAA20	0.086807	0.276265	0.285042
RPS12	0.085094	0.285884	0.294917
CAPNS1	0.084413	0.289766	0.298872
SNRNP70	0.084315	0.290331	0.299355
GPS1	0.083392	0.295655	0.304795
SMIM7	0.083001	0.297932	0.306989
BIN3	0.082885	0.298612	0.307638
DPH1	0.082443	0.301202	0.310255
SEH1L	0.081144	0.3089	0.318132
NDUFA9	0.079995	0.315821	0.325205
UBL7	0.078215	0.326731	0.336384
AP5B1	0.077505	0.331155	0.340882
ODF2	0.077442	0.331548	0.341229
XAB2	0.077358	0.332071	0.341711
DDX6	0.077063	0.333926	0.343563
VPS39	0.077039	0.334446	0.344042
BRK1	0.076114	0.339928	0.349623
NFRKB	0.07466	0.349253	0.359154
EIF2B2	0.073003	0.360075	0.370221
SKIV2L	0.072761	0.361672	0.371801
HMG20A	0.072412	0.363986	0.374118
F8A1	0.071826	0.367883	0.377999
VPS52	0.07148	0.370202	0.380318
CTNNA1	0.070767	0.375007	0.385127
SCO2	0.070453	0.37713	0.387179
PSMB2	0.069369	0.384527	0.394642
GNB1	0.068071	0.393506	0.403791
TPM3	0.067999	0.394005	0.404236
MT-ATP8	0.066727	0.402925	0.413252
SLIRP	0.066256	0.406264	0.416539
MRPL17	0.066235	0.406413	0.416622
DERA	0.066065	0.407622	0.417792
SF3B5	0.065608	0.410877	0.421059
RPL37	0.064918	0.415821	0.425984
IRF5	0.064017	0.422336	0.432588
PDCD10	0.063799	0.42392	0.434139
LUC7L2	0.063412	0.427149	0.4373
MT-ND2	0.063402	0.426815	0.437031
UTP15	0.062231	0.435412	0.445687
POLR2C	0.061882	0.437997	0.448259
DDX51	0.061482	0.440969	0.451225
NDUFV2	0.061022	0.444398	0.454659
LARP7	0.060849	0.445693	0.455909
MED16	0.059897	0.452856	0.463084
HSPA6	0.057431	0.471699	0.482193
BPGM	0.057171	0.473708	0.484168
WDR63	0.056724	0.477589	0.488053
ECM1	0.056108	0.481979	0.492459
RPL30	0.055278	0.488492	0.499031
MRPL16	0.055177	0.489291	0.499683
HLA-DQA1	0.054774	0.492474	0.502767
SACS	0.054651	0.493442	0.503673
KATNAL2	0.054227	0.496805	0.506855
KRT2	0.05398	0.499182	0.509196
CCDC93	0.053478	0.502778	0.512612
MPC2	0.051469	0.518978	0.528781
PSMA7	0.051176	0.521359	0.531033
TOMM7	0.049158	0.537934	0.547646
COMMD6	0.048883	0.54021	0.549873
HEATR5B	0.048866	0.540359	0.549934
SYF2	0.048749	0.541325	0.550827
CALM3	0.048713	0.541623	0.551039
SDHAF2	0.048645	0.542193	0.551529
TIMM13	0.048343	0.544702	0.55399
TRAPPC1	0.048218	0.545747	0.554962
COX7A2	0.047892	0.548463	0.557633
NOP10	0.046615	0.559193	0.568355
DDX1	0.046083	0.563684	0.572827
EPX	0.045943	0.56526	0.574334
C7orf26	0.045835	0.565785	0.574773
SYNRG	0.04565	0.567356	0.576275
MRPL23	0.045152	0.571599	0.580489
TBL3	0.044125	0.580386	0.589317
AP4B1	0.043695	0.584083	0.592876
EIF2B4	0.043572	0.585137	0.593849
EBNA1BP2	0.04316	0.588693	0.59736
MRPL48	0.04282	0.591638	0.600251
PDZD11	0.041671	0.601633	0.610291
PSMD8	0.041262	0.605208	0.613817
PPP4C	0.04125	0.605312	0.613823
MTX1	0.041017	0.607352	0.61579
HMGN3	0.040894	0.608425	0.616778
NDUFS8	0.040441	0.612412	0.620717
EPB42	0.039103	0.624228	0.63259
RPL9	0.037909	0.634859	0.642944
NDUFB8	0.037237	0.640873	0.648928
SKP1	0.036192	0.650273	0.65834
COPS5	0.035765	0.65413	0.662136
SPTA1	0.035507	0.656806	0.664627
DDB1	0.033816	0.671859	0.679638
NDUFA6	0.033404	0.675629	0.68334
RPS28	0.033344	0.676176	0.683671
RMND5A	0.03295	0.679791	0.687102
GSDMB	0.032371	0.685117	0.69226
PAF1	0.031219	0.695761	0.7029
NOMO1	0.030971	0.698058	0.705105
MRPL9	0.030314	0.704158	0.711036
COX6B1	0.03018	0.705408	0.712182
LSM4	0.029795	0.708996	0.715688
SPG11	0.02966	0.71025	0.716776
DDRGK1	0.029654	0.710305	0.716776
RPS25	0.029481	0.711922	0.718291
BRPF1	0.027618	0.729393	0.735798
BPI	0.027148	0.734095	0.740301
MEAF6	0.024925	0.754893	0.761028
NDUFB5	0.02377	0.765918	0.771891
PTPRJ	0.023627	0.767289	0.773147
UQCC2	0.022979	0.773494	0.77902
RBM7	0.022328	0.779743	0.785186
TUBGCP4	0.021794	0.784885	0.790236
POLR2J	0.018322	0.818509	0.823688
MICU2	0.017289	0.82858	0.833687
RHOA	0.017187	0.829571	0.834549
RNASE3	0.016483	0.83662	0.841368
DCTN1	0.016357	0.837685	0.842302
GID8	0.016068	0.84052	0.845015
TAF10	0.015488	0.846197	0.850447
NDUFB11	0.013784	0.862949	0.867003
COPS2	0.013533	0.865419	0.869343
LRWD1	0.011658	0.883924	0.887071
NXF1	0.011016	0.890275	0.893299
TAGLN3	0.009692	0.903493	0.906268
CCNK	0.009192	0.908358	0.911002
SCAF11	0.006072	0.939391	0.941516
RNASE2	0.005745	0.94271	0.94469
TIMM22	0.004601	0.954067	0.955453
RPL37A	0.004505	0.95502	0.956253
ROMO1	0.004427	0.955794	0.956874
TUBB2B	0.000636	0.99366	0.99366
MLST8	-0.0007	0.992974	0.993134
BCAS2	-0.00108	0.989215	0.989535
DCTN5	-0.00182	0.981818	0.982293
PSMG2	-0.00276	0.972395	0.973022
COPA	-0.00278	0.972216	0.973
MT-ND1	-0.00402	0.959906	0.960835
NDUFA2	-0.00461	0.953977	0.955453
PRKAG1	-0.00556	0.944539	0.946217
LSM3	-0.00567	0.943408	0.945237
RPS27A	-0.00644	0.935733	0.938001
EMC10	-0.00754	0.924737	0.927128
CPSF2	-0.00788	0.921351	0.923883
OGT	-0.01023	0.898082	0.900987
GPX3	-0.01169	0.883629	0.886918
TUBB8	-0.01283	0.872468	0.875856
RRAGB	-0.01297	0.871011	0.874535
GTF2A2	-0.01303	0.870363	0.874026
POLR2L	-0.01329	0.867861	0.871655
RPS26	-0.01413	0.85957	0.863748
EIF2B5	-0.01576	0.843533	0.847907
NDUFC2	-0.017	0.831408	0.836261
CENPF	-0.01981	0.804038	0.809256
PSMA1	-0.02102	0.792312	0.797584
NDUFB3	-0.02321	0.771291	0.776927
PSMC4	-0.02336	0.769803	0.775555
POLR2E	-0.02453	0.758648	0.764689
CWC15	-0.02542	0.750208	0.756427
TPRKB	-0.0275	0.730517	0.736813
POLR2G	-0.03063	0.701244	0.708209
FTH1	-0.03242	0.684622	0.691872
TOMM5	-0.03308	0.678613	0.686022
TP53RK	-0.03336	0.676039	0.683644
INTS5	-0.03422	0.668124	0.67597
RALBP1	-0.0355	0.656563	0.66449
HECTD1	-0.0381	0.633126	0.641294
POP4	-0.03822	0.632061	0.640319
NDUFB9	-0.03902	0.624969	0.633238
PIGK	-0.04409	0.580694	0.589532
NDUFS4	-0.04711	0.555044	0.564231
NDUFB7	-0.05084	0.524136	0.533686
NDUFA11	-0.05087	0.523843	0.533475
AAAS	-0.05141	0.519463	0.529189
RPS21	-0.05193	0.515272	0.525091
PSMB6	-0.05196	0.514981	0.524882
NDUFA13	-0.05287	0.507636	0.51748
ACTR10	-0.05355	0.502181	0.512088
TMPRSS13	-0.05391	0.499763	0.509706
SPTB	-0.05428	0.496402	0.506527
TELO2	-0.05437	0.495667	0.505861
AFF4	-0.05486	0.491813	0.502175
TOX4	-0.0552	0.48908	0.499549
NDUFB1	-0.05842	0.46412	0.474524
ORMDL1	-0.0606	0.447551	0.457734
EMC2	-0.06518	0.413933	0.424121
NDUFA7	-0.06655	0.404213	0.414503
NDUFB4	-0.06795	0.394358	0.404532
TTN	-0.06999	0.380257	0.390325
RPLP2	-0.07059	0.376199	0.386287
GNB2	-0.07111	0.37271	0.382832
ALB	-0.07221	0.365335	0.375443
NDUFS3	-0.08318	0.296888	0.305963
GNG5	-0.08334	0.295967	0.305066
KRT10	-0.08433	0.290228	0.299299
CCNH	-0.09598	0.228513	0.236599
BECN1	-0.09622	0.227353	0.235477
INTS12	-0.11089	0.163911	0.170766
PLK1	-0.11673	0.142725	0.148969
MRPL52	-0.12218	0.124894	0.13071
TUBAL3	-0.1294	0.104032	0.109412
RNF7	-0.1301	0.102128	0.107464
NDUFS5	-0.13166	0.098037	0.103299
RCL1	-0.13418	0.091748	0.096755
DCTN4	-0.13794	0.082942	0.087617
PRTN3	-0.13832	0.08208	0.086722
NDUFS6	-0.13942	0.079674	0.08428
PSMB4	-0.14163	0.074984	0.079441
KRT1	-0.14371	0.070737	0.075108
ARPC1A	-0.15069	0.058028	0.061836
KRT9	-0.15323	0.053809	0.057439
PNMA2	-0.15782	0.046943	0.050205
FZD8	-0.16199	0.041444	0.044454
SPTBN4	-0.1769	0.025703	0.027854
NDUFA12	-0.17788	0.025	0.027111
DNAH17	-0.21253	0.007251	0.008071
